id,Biota_Overlap,DEM,Endemicity,NDVI,Rel_Occupancy,Rel_Species_Richness,longitude,latitude,LST_C
7522,1.617491532975191,1787.572137141113,-0.4563576782551011,0.6584632460303859,-0.4834841025414143,0.9318886621209064,-75.50006395,5.773720149999999,22.65360848165102
7523,2.0971943728301436,688.0690012262172,-0.8757099854636794,0.6665972694348133,-0.1997756353331201,0.1837628305276393,-74.50006465000001,5.773720149999999,26.887678174614905
7524,1.9788061719685048,2584.228475970394,-0.779016519883717,0.6171871600857712,0.0839328318751739,0.5756382661241125,-73.50006535,5.77372015,21.2329218432738
7525,2.5303347895753387,1763.586775936468,-0.8289935687229327,0.5570721078357266,0.4622107881528993,-0.0656124466701163,-72.5000661,5.773720149999999,22.27299846772877
7526,0.2713887341922062,172.89959881984188,-0.145633921329583,0.5238848874819323,0.6109606426573638,-0.7073594472114318,-71.50006685,5.773720149999999,31.83192449470397
7527,-0.5471832348251985,112.87184294433136,-0.0599881319407455,0.4914610124922504,0.7818535675179499,-1.0064312325030424,-70.50006755,5.773720149999999,32.566860420720786
7528,-0.5391890032322002,108.08954473926494,-0.045113875197479,0.4665885720880065,0.8073057052631434,-1.0546686172274955,-69.50006825000001,5.773720149999998,33.47211953355776
7529,-0.6101092577929416,89.11217338011825,0.0837923046057081,0.4538840565470098,0.3309871274602337,-0.3311078463606959,-68.50006895000003,5.773720149999998,33.81564550198681
7530,-0.6570932731577953,181.30930105173871,0.2254002665434341,0.5866007401690534,-0.0944271748522883,0.9134166795301996,-67.50006970000001,5.77372015,31.950319686423313
7531,-0.6616802089469567,653.398702928099,0.2473687784705253,0.726601130138468,-0.2107798045446018,1.2414308956564823,-66.50007045000002,5.773720149999999,26.181710416311034
7532,-0.7245683816753208,827.1504517017397,0.268774120923447,0.7374126579329958,-0.2835001981022981,1.1449561262075756,-65.50007115,5.773720149999999,24.38321473637768
7533,-0.7853473298357516,362.5530280309765,0.251660085580619,0.7898584441324835,-0.2107798045446018,0.932711633419981,-64.50007185000001,5.773720149999999,25.50373329996279
7534,-0.7442410435926047,511.86373028484985,0.2570228301561704,0.7299401553699405,-0.2325959226119109,0.9616540642546528,-63.50007259999999,5.773720149999999,25.7715861475653
7535,-0.6602800850478009,885.3673998980192,0.287835561753015,0.6941340026133043,-0.4216689458619205,1.2221359417667008,-62.50007335,5.77372015,24.89477458562169
7536,-0.6356581693738298,1139.4369583444377,0.300615717379105,0.6358347215348246,-0.4398490442513446,1.4054380037196237,-61.50007405000001,5.773720149999998,25.095143678667057
7537,-0.6229691614482047,704.4425134884018,0.3041961921375404,0.7017175290265282,-0.3780367097273031,1.4826178192787487,-60.50007474999999,5.77372015,24.98151112347864
7604,1.7394212138704097,741.194322941261,-0.4358497010329432,0.5670005237904419,-1.3346095041662962,0.6825133849231507,-76.50006325,4.763903199999999,24.625386292953067
7605,1.5669066392463336,1994.801542216415,-0.3958591454497353,0.5985194999372858,-0.1997756353331201,0.9081386357211202,-75.50006395000001,4.763903199999999,21.84590469727931
7606,1.898626957012818,1469.8714526250697,-0.7169337374467879,0.6148581302799773,-0.0106366571942575,0.516263200124647,-74.50006465000001,4.763903199999999,25.047045539643875
7607,2.553102912350324,1898.287644620104,-0.8304296908160134,0.6156118553794963,0.2730718100140363,0.2787629361267844,-73.50006535,4.7639032,21.703032424259106
7608,0.9207426453553876,312.7088465717793,-0.1115810934503289,0.5330642441499296,0.4800639342535106,-0.3214603694158053,-72.5000661,4.7639032,30.73942304682714
7609,-0.5374545404847907,153.8665789301582,-0.045113875197479,0.5084802061485604,0.6836810362150598,-0.7652443088807758,-71.50006685,4.763903199999999,32.36256710315172
7610,-0.6060073683189459,141.76023500306826,-0.0158587915148496,0.4840860239865367,0.7382213313833317,-0.9485463708336984,-70.50006755,4.763903199999999,32.77788459511106
7611,-0.654819853059496,129.23594314846287,0.0607312719712885,0.560601627149197,0.556420347489092,-0.6977119702665412,-69.50006825,4.7639032,32.36603822913628
7612,-0.7580456974306653,111.20030666786288,0.1791833113721789,0.6151130644850846,0.1964543993784961,0.1126760931042745,-68.50006895000001,4.763903199999999,31.11348968072724
7613,-0.6828473903907688,290.0772734004648,0.2601558085880799,0.7276083187444855,-0.1962357258330627,0.9809490181444342,-67.50006970000001,4.7639032,28.2141025011681
7614,-0.7305473926438076,424.6028586340967,0.2968184277355472,0.7491848532396744,-0.2762281587465284,1.0774237875933408,-66.50007045000001,4.763903199999999,27.208640673419836
7615,-0.7698617217790572,523.2286458976145,0.2956890817465543,0.7324466312090905,-0.2835001981022981,1.0388338798137782,-65.50007115,4.763903199999999,25.983229731714914
7616,-0.8248609358448956,748.2521576725037,0.2944076596786828,0.7268997287183544,-0.2289599029340261,0.845884340915965,-64.50007185000001,4.763903199999999,24.37621842829327
7617,-0.7889516388591592,527.6321114259799,0.2664691277160977,0.759108534691628,-0.1889636864772932,0.7976469561915117,-63.5000726,4.7639032,25.3042250148074
7618,-0.675084367460884,621.012046709684,0.2922956961741693,0.7728898876976071,-0.2980442768138373,1.1546036031524662,-62.500073349999994,4.7639032,25.40594668541786
7619,-0.6335468653283307,875.0362225168517,0.2946577256771059,0.6205398054389251,-0.4325770048955751,1.50191277316853,-61.50007405,4.763903199999999,27.21640100227029
7620,-0.6452390112166629,871.5643727045258,0.3144641246327479,0.4636142891748638,-0.4434850639292294,1.6659198812316711,-60.500074749999996,4.7639032,28.919072646994096
7681,1.6149880333059146,1387.701415964991,-0.3411223776734522,0.5937395460791828,-0.7671925697497082,1.6562644673143874,-76.50006325,3.7555285499999993,24.44683505265658
7682,1.714666703522811,1671.568936521784,-0.5547292763126062,0.6381501239754577,0.2730718100140363,0.1956378437275324,-75.50006395000001,3.7555285499999997,23.718466524544226
7683,2.8827217504481024,1875.1766876203455,-0.9724734295244044,0.5835484762836147,0.2730718100140363,-0.1487375390693683,-74.50006465000001,3.7555285499999993,22.05251407653003
7684,0.9709840049075124,495.7097887911023,-0.033097981061668,0.5912716020292759,0.1673662419554178,0.4310428322856665,-73.50006535,3.755528549999999,28.833536363425196
7685,-0.5805853967855731,201.40840771258055,0.0096180760386543,0.4782415765714538,0.2400866355131138,-0.128510830517992,-72.5000661,3.755528549999999,32.20316101602839
7686,-0.6392408071167589,193.0858710810662,0.0189858965838812,0.5547176859178973,0.5346042294217829,-0.6977119702665412,-71.50006685,3.7555285499999993,31.60852591364295
7687,-0.719969577590761,168.61407376987486,0.1018889482036102,0.7411295399983522,0.5527843278112071,-0.6784170163767599,-70.50006755000001,3.7555285499999993,29.12689942273545
7688,-0.8040549498607298,154.80195115990955,0.1656995461810219,0.7963550513316315,0.2764468322919619,-0.4179351388647119,-69.50006825000001,3.7555285499999997,27.902400871787677
7689,-0.857380044255827,121.04761669448057,0.2315532560973061,0.7465862064187977,0.1164619664650303,0.2670357242225252,-68.50006895000001,3.7555285499999993,28.202914795262018
7690,-0.8565540589021893,108.15557629643978,0.290349653599538,0.6886226790453692,-0.1962357258330627,0.7976469561915117,-67.50006970000001,3.7555285499999993,29.099934835182978
7691,-0.7996414586003088,160.33965341497836,0.321401455547003,0.7478573828012657,-0.3089523358474916,1.0002439720342156,-66.50007045000001,3.7555285499999993,28.290059792310387
7692,-0.7626916731171905,685.7403486606784,0.323538373895701,0.7578253962916401,-0.3271324342369156,0.9134166795301996,-65.50007115,3.7555285499999993,25.566008517570367
7693,-0.8264864595767603,897.7112582737938,0.297000562723632,0.7321087732526371,-0.2107798045446018,0.643287325073261,-64.50007185000001,3.7555285499999993,24.167526192038338
7694,-0.7979311726365423,566.1013161524947,0.290349653599538,0.7654030378760986,-0.1526034896984452,0.5468125556243544,-63.50007259999999,3.7555285499999993,25.391070599700925
7695,-0.7626916731171905,470.08357006855545,0.2623855747317217,0.7914896950818546,-0.1962357258330627,0.9134166795301996,-62.50007334999999,3.755528549999999,26.29924878590481
7696,-0.7299240551262125,207.7588548379464,0.2654946089286864,0.6318957433583539,-0.1998717455109475,1.2317834187115917,-61.50007405,3.7555285499999997,30.439983791989334
7697,-0.7583899661453118,127.02417617448684,0.268774120923447,0.358865184915399,-0.1889636864772932,1.2028409878769195,-60.50007475,3.7555285499999993,35.01066097599363
7753,1.4046305435162303,2129.4881274033287,-0.3411223776734522,0.6621162467068233,-0.8617620588191395,1.9056397445121431,-76.50006325,2.7482868500000004,21.15368066410889
7754,2.59477021660241,1635.3444739986608,-0.8242024362829073,0.6736354016810092,0.2730718100140363,0.3500130153261432,-75.50006395,2.7482868500000004,23.48835779740193
7755,0.6641427073038582,903.6098808620544,0.0156802567200975,0.7047318077785388,0.00010933677271659368,0.8941217256404183,-74.50006465000003,2.7482868500000004,25.651494857856846
7756,-0.3719876605306182,310.4810193990865,0.0662532529592552,0.6798975381132388,-0.0071627025830531,0.6915247097977143,-73.50006535,2.7482868500000004,28.41188386832357
7757,-0.8227979773319712,214.44041004432543,0.1379412992745305,0.6262508172102196,0.1673662419554178,0.1030286161593839,-72.5000661,2.74828685,30.24602925141943
7758,-0.7869038253355002,195.11068563121157,0.1512695071263011,0.7646215368075825,0.2328145961573441,-0.24428055385668,-71.50006685,2.7482868500000004,28.078827368597445
7759,-0.8629788016549225,192.2793126709861,0.1908586262033915,0.7839554024414,0.1710022616333026,-0.1767482152424453,-70.50006755,2.7482868500000004,27.670816552178678
7760,-0.8932763611477861,177.07683246548368,0.2339377444971871,0.788017768133797,0.1455501238881087,-0.1478057844077733,-69.50006825,2.7482868500000004,27.78782206500756
7761,-0.9336891937685632,136.9729565095588,0.2404557799495571,0.7798435200931628,-0.0144347419388225,0.1995033856082905,-68.50006895000001,2.7482868499999995,28.080120104715434
7762,-0.8810421186619128,113.66390647446408,0.2945735806085658,0.744025089993477,-0.1962357258330627,0.5275176017345731,-67.5000697,2.74828685,28.089452781146235
7763,-0.8230168543003434,118.97343487188768,0.3178422997447739,0.7577789180187035,-0.3089523358474916,0.8072944331364024,-66.50007045000001,2.7482868500000004,28.055727310560258
7764,-0.7862743577054733,172.43724272476774,0.321401455547003,0.8009505693766396,-0.2907722374580676,0.7494095714670583,-65.50007114999998,2.7482868500000004,27.851091495235494
7765,-0.8419135456985112,600.5437354809444,0.3109407865934387,0.7566381175655948,-0.1744196077657538,0.4696327400652291,-64.50007185000001,2.7482868500000004,25.877527970863014
7766,-0.8779549733617393,676.7647265974028,0.2686036431256519,0.6810491119071962,0.0437415729073343,0.1416185239389465,-63.50007259999999,2.74828685,24.963157199310672
7767,-0.9205995026995692,297.04224287240265,0.242111125749243,0.7919181861910741,0.1528221632438784,0.2091508625531812,-62.500073349999994,2.7482868500000004,26.81889216715689
7768,-0.8320461885136693,153.85329393693766,0.2447320899320791,0.654442904031772,0.051013612263104,0.759057048411949,-61.50007405000001,2.7482868500000004,29.74925286795434
7769,-0.8220391761531936,113.00761053824768,0.2749965093247256,0.5272253642105662,-0.1344233913090209,1.0195389259239969,-60.500074749999996,2.7482868500000004,32.036926104283054
7827,2.4517737769152075,2163.13256369251,-0.7364434782799414,0.7162502104235333,-0.1997756353331201,1.0506387941198378,-76.50006325000001,1.7418720500000002,18.948706818247786
7828,1.0674322766081783,895.6639778843656,0.0884451983326589,0.7417009338014809,-0.1998717455109475,1.0774237875933408,-75.50006395000001,1.7418720500000002,26.318781717432785
7829,-0.5186898283652382,288.78971284274803,0.1213747791516164,0.6810507580867318,-0.1598755290542149,0.845884340915965,-74.50006465000001,1.7418720500000002,30.09866221744346
7830,-0.8817901997311128,273.8556038485692,0.15230760921494,0.7252156686558785,-0.0435228993619009,0.5468125556243544,-73.50006535,1.7418720500000004,28.16298097269231
7831,-0.910999479992186,248.85225090563415,0.1824467054040392,0.7426152154379734,-0.0289788206503617,0.3152731089469785,-72.50006610000001,1.7418720500000002,28.337396667596124
7832,-0.9209150124172572,240.2797093582356,0.2074275196957793,0.7828402590647684,-0.0871551354965186,0.2187983394980718,-71.50006685000001,1.7418720500000004,27.762699121190337
7833,-0.9245905233756724,201.4451016157716,0.2404557799495571,0.827201254612124,-0.1962357258330627,0.3345680628367598,-70.50006755000001,1.7418720500000002,27.46931111566903
7834,-0.924291819125486,191.00594192225796,0.2464055813700675,0.8090782412487373,-0.1962357258330627,0.3249205858918692,-69.50006824999998,1.7418720499999998,28.010576777142262
7835,-0.9339757970555468,146.30131026367894,0.24712095444659,0.7651760219806623,-0.1526034896984452,0.2091508625531812,-68.50006895000001,1.7418720500000002,27.971738005900477
7836,-0.8893303494575941,120.94832264808107,0.2922956961741693,0.8178423998635962,-0.2035077651888321,0.4213953553407758,-67.50006970000001,1.7418720500000004,27.63967758561506
7837,-0.7784855036222244,107.31884270573792,0.3086837194231541,0.7698934809805966,-0.2907722374580676,0.614344894238589,-66.50007045000001,1.7418720500000002,28.22211892721151
7838,-0.7708410179916941,377.08215456616426,0.3258159093094163,0.7595196002742396,-0.2398679619676804,0.4889276939550104,-65.50007114999998,1.7418720500000002,27.04794792586324
7839,-0.8046607669257863,517.0330689854437,0.3165799843975222,0.7914689007661132,-0.1671475684099843,0.2380932933878532,-64.50007185000001,1.7418720500000004,26.010848702591773
7840,-0.8941001744609051,267.09907753460686,0.2945735806085658,0.7782570960170259,0.1237340058208,-0.128510830517992,-63.5000726,1.7418720500000004,27.267811198271716
7841,-0.9230834246588222,190.27849009924105,0.287835561753015,0.7754209136051697,0.1673662419554178,-0.128510830517992,-62.50007335,1.7418720500000002,27.560984508895274
7842,-0.9001828758637578,137.36637998012284,0.3041615122405028,0.7245467264264775,0.0801017696861823,0.3731579706163225,-61.50007405,1.7418720500000002,28.612824555078248
7843,-0.8939739732725123,137.76129078275144,0.294741870745646,0.7084340215371348,0.00010933677271659368,0.5468125556243544,-60.50007475,1.7418720500000002,29.05168474390564
7904,2.872536453212811,539.4240967965163,-0.8596812302908715,0.7586225536623998,0.367641299083468,0.2431378965271049,-76.50006325000001,0.7359804000000001,26.523723496183834
7905,-0.7565575471943347,229.22421603351148,0.13644673715318,0.7499914941949696,-0.2835001981022981,0.9905964950893248,-75.50006395000001,0.7359804000000001,28.669976891774184
7906,-0.9347712566164692,227.03732798561776,0.1532841347583937,0.744545384729922,-0.1962357258330627,0.6915247097977143,-74.50006465,0.7359804000000001,28.447957725855133
7907,-0.9508764973920856,243.0970011978199,0.1875279398483873,0.7611129129505936,-0.1089712535638274,0.3442155397816505,-73.50006535,0.7359804000000001,27.668036824346075
7908,-0.924291819125486,240.2549400183475,0.2229801732348881,0.7362792925029966,-0.1962357258330627,0.3249205858918692,-72.5000661,0.7359804000000001,27.97848255128332
7909,-0.9209150124172572,212.84123958943903,0.2291687676974252,0.8010935483803961,-0.1671475684099843,0.2187983394980718,-71.50006685,0.7359804000000001,27.529958231513717
7910,-0.9239917663233798,220.3355072195536,0.2447320899320791,0.8046809267789563,-0.2107798045446018,0.3152731089469785,-70.50006755000001,0.7359804000000002,27.33045391182435
7911,-0.9245905233756724,157.2135648741294,0.2468731304226539,0.7998426628698005,-0.2107798045446018,0.3345680628367598,-69.50006825000001,0.7359804000000001,27.571872597182107
7912,-0.9334012543357192,120.7773703500536,0.2581140320958911,0.7775838064566871,-0.1962357258330627,0.1898559086633998,-68.50006895000001,0.7359804,27.818993099974648
7913,-0.9145343657836787,102.03663077089548,0.2944076596786828,0.7858045926553696,-0.2107798045446018,0.4213953553407758,-67.50006970000001,0.7359804000000001,27.69240089529535
7914,-0.7633009387859169,165.80461898465217,0.3165799843975222,0.7447007987037679,-0.3489485523042245,0.7397620945221677,-66.50007045000002,0.7359804000000001,27.874352671959855
7915,-0.7767578401500987,453.3187630491265,0.3321828690471586,0.7508614245237284,-0.2980442768138373,0.585402463403917,-65.50007115,0.7359804000000001,26.785072644516276
7916,-0.8124401543448143,115.96454997196965,0.3191845761451648,0.8133148565754877,-0.0653390174292097,0.1512660008838372,-64.50007185000001,0.7359804000000001,28.451362503715472
7917,-0.9801682316701672,189.3293205180401,0.3081659651010625,0.6710913343604602,0.1310060451765697,-0.215338123022008,-63.5000726,0.7359804000000001,28.545869854173304
7918,-0.964028917166088,59.85778978343585,0.2944076596786828,0.7192249889404078,0.1782743009890723,-0.2539280308015706,-62.50007335,0.7359804000000002,28.751392479044682
7919,-0.9557100752587404,46.42357435165088,0.3155220545151355,0.6740414373209603,0.1382780845323394,-0.0030936302344133,-61.50007405,0.7359804000000001,28.785847986192096
7920,-0.940347911939967,89.57697324851296,0.3191845761451648,0.7628940118418542,0.1673662419554178,-0.041683538013976,-60.500074749999996,0.7359804000000001,28.86881884385923
7984,-0.6463939174489908,265.68015315648927,0.1527909218571847,0.7726174314662739,-0.4762092410301926,1.4247329576094048,-76.50006325000001,-0.26969044999999997,28.095033541953455
7985,-0.9042056177684992,221.47850598995603,0.164919820144323,0.8014230536919976,-0.4253049655398054,1.2124884648218102,-75.50006395000001,-0.26969044999999997,27.35391986029157
7986,-0.9476972987540182,194.66686978139,0.1714090813172175,0.7752483902277619,-0.2835001981022981,0.730114617577277,-74.50006465000001,-0.26969044999999997,27.393530545017825
7987,-0.9515901800301152,197.83208211603247,0.185972423135201,0.78486889562503,-0.1962357258330627,0.3731579706163225,-73.50006535,-0.26969044999999997,27.444907752688835
7988,-0.9331119693915072,197.24777867330184,0.1887014642636485,0.7645639048226229,-0.1162432929195969,0.1802084317185092,-72.5000661,-0.26969044999999997,27.792995590327507
7989,-0.9150031965986016,179.16037382790407,0.2108066974040705,0.785163752675268,-0.0871551354965186,0.0451437544900399,-71.50006685,-0.26969044999999997,27.524889863431156
7990,-0.9307480981330888,163.5495462996149,0.2373588312464247,0.7888742355467321,-0.1744196077657538,0.1030286161593839,-70.50006755,-0.26969044999999997,27.526379418743318
7991,-0.94741430673411,152.38109139769793,0.24712095444659,0.7947738400982769,-0.1962357258330627,0.2091508625531812,-69.50006825000001,-0.26969044999999997,27.692328339789583
7992,-0.9602372995986352,113.44778836763165,0.2538424894600614,0.8006550471970404,-0.1962357258330627,0.1802084317185092,-68.50006895000001,-0.26969044999999997,28.010680918175012
7993,-0.9515901800301152,92.2414241731615,0.290349653599538,0.7668872531525132,-0.2253238832561412,0.3731579706163225,-67.50006970000001,-0.2696904500000001,27.715283648476372
7994,-0.9378529920839538,86.6401224998199,0.3003469481770606,0.7902530224534027,-0.2180518439003715,0.3442155397816505,-66.50007045000001,-0.26969044999999997,27.81549972406833
7995,-0.9486763860872636,71.52888204132651,0.3053911436086855,0.7662694583959199,-0.1744196077657538,0.2573882472776345,-65.50007115,-0.26969044999999997,28.052523119536318
7996,-0.9727025816968838,58.12585169122896,0.3192645371983049,0.752381959070525,-0.0944271748522883,0.1223235700491652,-64.50007185000001,-0.26969044999999997,28.12957854921882
7997,-0.985937449888616,43.76747821167428,0.3238356947418514,0.6865370517935094,-0.0435228993619009,0.0837336622696025,-63.50007260000001,-0.26969044999999997,28.56213779467589
7998,-0.9754350916337484,44.696690964884176,0.3258159093094163,0.7229845352542289,-0.0289788206503617,0.2573882472776345,-62.50007335,-0.26969045,28.74565636540558
7999,-0.9727025816968838,47.96988937291012,0.3258159093094163,0.765289895855005,0.051013612263104,0.1223235700491652,-61.50007405000001,-0.26969044999999997,28.327491831108205
8000,-0.9664183093017904,93.85426482788353,0.3048110078216322,0.7842302106398338,0.2182705174458047,-0.157453261352664,-60.50007474999999,-0.2696904499999999,28.154974383051183
8063,-0.8590204821873413,265.60701716291675,0.1537674474006384,0.7780010711344022,-0.3962168081167269,1.135308649262685,-76.50006325000001,-1.2754422,27.545680230556002
8064,-0.9107965435168685,208.63621367820025,0.1811850931556601,0.8011515250041216,-0.4362130245734599,1.06777631064845,-75.50006395000001,-1.2754422000000003,27.476986215262798
8065,-0.9509828361051522,184.44879086085865,0.1845673722571889,0.7691623383933722,-0.3925807884388422,0.874826771750637,-74.50006465000003,-1.2754422000000003,27.631814728332415
8066,-0.955678890885407,172.8660397580383,0.1757983958874916,0.7981913798175593,-0.2325959226119107,0.5468125556243544,-73.50006534999999,-1.2754422,27.670215405045496
8067,-0.9628942286632884,161.7237867871322,0.1887014642636485,0.7809622233874319,-0.1744196077657538,0.2959781550571972,-72.5000661,-1.2754421999999999,27.860426586455333
8068,-0.9590855429375916,137.63937471751186,0.1999241072119132,0.7717535976533553,-0.0653390174292097,0.1319710469940558,-71.50006685,-1.2754422,27.464938945544702
8069,-0.9583812630271548,119.86515604442128,0.2201027096529957,0.7909788911643073,-0.0944271748522883,0.1030286161593839,-70.50006755,-1.2754422,27.58006600026164
8070,-0.9562064328880788,118.32757442008749,0.2342663824743925,0.768237257094989,-0.0653390174292097,0.0162013236553679,-69.50006825,-1.2754422000000003,27.5762744374897
8071,-0.9544475735771514,109.34632263816778,0.2379951653888481,0.7701904012658092,-0.0362508600061314,-0.0513310149588667,-68.50006895000001,-1.2754421999999999,27.87605097558776
8072,-0.9541912951809386,84.76446224497154,0.2442492807405044,0.75974923860499,-0.021706781294592,-0.0609784919037573,-67.50006970000001,-1.2754422,27.86185629563414
8073,-0.955208815331828,76.96747665407075,0.2495144320255721,0.7734063254656328,-0.0144347419388225,-0.0223885841241947,-66.50007045000001,-1.2754422,27.74012175200187
8074,-0.9673401052526196,67.80903856098625,0.2675363854208752,0.775982595146537,0.0473775925852191,-0.1188633535731013,-65.50007115,-1.2754422,27.922375876630213
8075,-0.9666505264402984,60.74870458636517,0.2728451696270627,0.7772667351821785,0.0655576909746431,-0.1478057844077733,-64.50007185000003,-1.2754422000000003,28.183373415129154
8076,-0.9695647365695966,53.02191634009531,0.3048110078216322,0.7735167872468132,0.0255614745179103,-0.0223885841241947,-63.50007259999998,-1.2754421999999999,28.320142245689112
8077,-0.9786990431611216,41.046297693265345,0.3258159093094163,0.7009958690865773,-0.1526034896984452,0.4310428322856665,-62.50007334999999,-1.2754421999999999,28.2382910474181
8078,-0.9739236983086946,48.51835189390796,0.3377832691641692,0.7560108114502103,-0.2980442768138373,0.8555318178608556,-61.50007405,-1.2754421999999999,27.985672297298606
8079,-0.9618050718296256,88.67533480204618,0.3316456755727444,0.7881389392529612,0.1310060451765697,0.2477407703327438,-60.500074749999975,-1.2754421999999996,28.117071263900073
8149,-0.8787333987089336,260.85018386279825,0.1641400941076241,0.7473922159175423,-0.4216689458619205,0.7783520023017304,-76.50006325000001,-2.2815768,27.399193548327787
8150,-0.9362767150653464,199.53460180853975,0.1731729019744299,0.7284405841154944,-0.3671286506936485,0.7494095714670583,-75.50006395,-2.2815768,27.565558720806564
8151,-0.9528612081467632,166.45005081423787,0.1875279398483873,0.7870282238193388,-0.4325770048955751,0.9616540642546528,-74.50006465000001,-2.2815768,27.719615978383615
8152,-0.9534726573790584,149.81445623591736,0.1909343160960139,0.7709799121459492,-0.4216689458619205,0.9905964950893248,-73.50006534999999,-2.2815767999999994,27.787791686544267
8153,-0.9592600473848724,136.89558314034306,0.1875279398483873,0.7717230404891491,-0.2398679619676804,0.7108196636874956,-72.5000661,-2.2815768000000003,27.847069099449755
8154,-0.9658156750020778,127.98184253017386,0.1887014642636485,0.783327556948115,-0.1962357258330627,0.4310428322856665,-71.50006685,-2.2815768,27.636356790833077
8155,-0.9622437391336665,118.3734489014729,0.1999241072119132,0.7924203946352717,-0.1598755290542149,0.2670357242225252,-70.50006755000001,-2.2815768,27.645054535056886
8156,-0.9611394196996568,125.95379929903396,0.2074275196957793,0.747824254062656,-0.0944271748522883,0.2187983394980718,-69.50006825,-2.2815767999999994,27.86097799128771
8157,-0.9662183161274362,109.89070553211448,0.2393919516069326,0.7711770263902993,-0.1744196077657538,0.4503377861754478,-68.50006895000003,-2.2815768,27.85316483511508
8158,-0.9848005040144954,84.6836502918961,0.2473687784705253,0.7400898225977043,-0.2835001981022981,0.7976469561915117,-67.50006970000001,-2.2815768,27.840070132246353
8159,-0.9853880472716476,61.433446560303715,0.2664691277160977,0.7107392814452697,-0.2980442768138373,0.8362368639710743,-66.50007045000001,-2.2815768,27.86554078885814
8160,-0.9848005040144954,50.126505101713605,0.2705492393108016,0.6875210543152351,-0.2835001981022981,0.7976469561915117,-65.50007115,-2.2815768,27.91657478029407
8161,-0.977818817070344,62.05204882725945,0.2695764412182267,0.7905035341509814,-0.0907911551744034,0.3828054475612131,-64.50007185000001,-2.2815768,28.191122082510788
8162,-0.9668815587974878,61.18401077529553,0.2495144320255721,0.8116169300861139,0.1673662419554178,-0.1381583074628826,-63.500072599999996,-2.2815768,28.322753894153152
8163,-0.9759977988733682,52.935174434085994,0.2890926076762765,0.785329365175701,0.0582856516188737,0.2863306781123065,-62.500073349999994,-2.2815768,28.313687273054256
8164,-0.9777679219463772,54.34163692209458,0.3261864246987658,0.7627168105329527,-0.2253238832561412,1.0870712645382314,-61.50007405000001,-2.2815768,28.143400275152203
8165,-0.9590337184498596,81.3511871284929,0.3283196566974493,0.7498217083076152,-0.2762281587465284,1.270373326491154,-60.50007475,-2.2815768,28.149444851893975
8236,-0.8787333987089336,213.89780889886163,0.1624865937324638,0.7825377087199792,-0.3925807884388422,0.7783520023017304,-76.50006325000001,-3.288397200000001,27.621099131713663
8237,-0.9588519008720656,181.2679033400805,0.1688990885086247,0.775642918905939,-0.3380404932705702,0.6915247097977143,-75.50006395,-3.2883971999999995,27.700723059232644
8238,-0.9528612081467632,158.76202604008714,0.186163419284164,0.7899583000068127,-0.3889447687609574,0.9616540642546528,-74.50006465000001,-3.2883971999999995,27.913072410778227
8239,-0.955460062610465,128.0703770876452,0.2229801732348881,0.7657264329340113,-0.6180140084677,1.6369774503969994,-73.50006535,-3.2883972000000004,27.747989670634922
8240,-0.9538562161470112,122.27801406607476,0.2339377444971871,0.7870819648790095,-0.545293614910004,1.5501501578929835,-72.5000661,-3.2883972000000004,27.739617360613863
8241,-0.9508764973920856,120.78863355078052,0.2350541252347918,0.7671703692077241,-0.5016613787753863,1.3957905267747328,-71.50006685000001,-3.288397200000001,27.608702298540095
8242,-0.96535842329607,117.8390652001916,0.2315532560973061,0.7891281761657991,-0.3380404932705702,1.0195389259239969,-70.50006755,-3.288397200000001,27.713674458419575
8243,-0.9665925835842408,103.1397806377632,0.2379951653888481,0.7396936189685658,-0.3998528277946117,1.0870712645382314,-69.50006825000001,-3.2883972,27.65393523551137
8244,-0.9881883265381908,85.46048104245168,0.2447320899320791,0.7481500806313192,-0.3489485523042245,1.0291864028688875,-68.50006895000001,-3.2883972,27.589824224925053
8245,-0.9870948313473744,77.61950999202644,0.251660085580619,0.7447389112575309,-0.3125883555253765,0.9520065873097624,-67.50006970000001,-3.2883972,27.796954290933797
8246,-0.9839009424437628,78.73513803870196,0.2472375931376981,0.7899160278028752,-0.2107798045446018,0.7397620945221677,-66.50007045000002,-3.288397200000001,27.88983532490107
8247,-0.9865349880011778,74.40654238593899,0.2705492393108016,0.7709922229974433,-0.2835001981022981,0.9134166795301996,-65.50007115,-3.288397200000001,28.065316612712536
8248,-0.9866757852570688,51.61466352293054,0.2803403656900388,0.6870353082360409,-0.2544120406792196,0.9230641564750904,-64.50007185000001,-3.288397200000001,27.854037561813982
8249,-0.9848005040144954,52.2728943895627,0.2569274924748277,0.7473628705455224,-0.1962357258330627,0.7976469561915117,-63.500072599999996,-3.288397200000001,28.15924071057009
8250,-0.9849482891296872,49.2717639474738,0.2553849909674445,0.7474461076186145,-0.1526034896984452,0.8072944331364024,-62.500073349999994,-3.2883972,28.222820250457517
8251,-0.9944301192331112,43.49603462798993,0.2956049366780142,0.7190824356628214,-0.3489485523042245,1.5212077270583113,-61.50007405,-3.2883971999999995,28.30670024129114
8252,-0.982508899380192,38.59567680087627,0.3333587343061007,0.6180364573922743,-0.5707457526551978,2.1579412054210954,-60.500074749999996,-3.2883972,28.736264256332788
8326,-0.8745676723483058,158.73016718551585,0.1542606603018482,0.7954362609584638,-0.3125883555253765,0.9713015411995436,-76.50006325000001,-4.2962083,28.33527439197269
8327,-0.9579326176049028,141.10459701819673,0.1819621186344289,0.8035259504612267,-0.4653011819965383,1.2124884648218102,-75.50006395000001,-4.296208299999999,28.285220398613035
8328,-0.9616824997090848,121.11410280287376,0.2032672387304962,0.7757086062619146,-0.508933418131156,1.415085480664514,-74.50006465000003,-4.296208299999999,27.931934289623257
8329,-0.9551079686732744,125.02046436286636,0.2261984179159768,0.7640245829860661,-0.5671097329773129,1.617682496507218,-73.50006535,-4.2962083,27.719469734686072
8330,-0.948925328344996,131.58651374799663,0.2373588312464247,0.7887204916950357,-0.4653011819965383,1.2993157573258265,-72.5000661,-4.2962083,27.842167467117633
8331,-0.9615103686987256,114.60620472260342,0.2375398460243376,0.7776597198712459,-0.5125694378090406,1.4054380037196237,-71.50006685,-4.2962083,27.632898275906484
8332,-0.971681897774642,101.60333017975056,0.2386403352894968,0.717216143299024,-0.508933418131156,1.3861430498298422,-70.50006755,-4.2962083,27.210971700184928
8333,-0.9701037923745712,110.77515845185964,0.2386403352894968,0.7250835759140216,-0.4943893394196168,1.2896682803809354,-69.50006825,-4.2962083,27.561544817486208
8334,-0.9850954722688496,124.6949636746936,0.2377208608022497,0.774051100494758,-0.2398679619676804,0.816941910081293,-68.50006895000001,-4.296208299999999,27.79285128614623
8335,-0.9835961014125164,97.86049862053534,0.2381546265957336,0.7673907806865863,-0.2253238832561412,0.7204671406323864,-67.50006970000001,-4.2962083,27.92953756651326
8336,-0.9834427282686704,89.61174332907403,0.2378580130955493,0.7936357770812646,-0.2398679619676804,0.7108196636874956,-66.50007045000001,-4.2962083,27.76005893193542
8337,-0.98435349965373,84.26763382946564,0.2386403352894968,0.7970936607417283,-0.2289599029340261,0.7687045253568396,-65.50007115000001,-4.2962083,28.179201530242608
8338,-0.9881883265381908,76.98775197465697,0.2472375931376981,0.7728231944189258,-0.2689561193907587,1.0291864028688875,-64.50007185000001,-4.2962083,28.242536064219223
8339,-0.988722383667168,57.363121836653896,0.2623855747317217,0.6862497461289362,-0.2689561193907587,1.06777631064845,-63.5000726,-4.296208300000001,28.04573907445382
8340,-0.9900220577998304,45.435399616261705,0.2705492393108016,0.7012205183001616,-0.2835001981022981,1.164251080097357,-62.50007335,-4.296208300000001,28.051657985182374
8341,-0.992360281060846,46.51769092905485,0.2920868910654849,0.7338105912858583,-0.2907722374580676,1.347553142050279,-61.50007405,-4.2962083,28.312926896147303
8342,-0.9816894517266824,45.242651774204525,0.3048110078216322,0.7504500961954589,-0.2762281587465284,1.347553142050279,-60.50007475,-4.2962083,28.546994333992075
8413,-0.1158240266866165,260.5770134727284,0.1371940182138552,0.782454861843472,-0.4653011819965383,1.4247329576094048,-76.50006325000001,-5.305317849999999,27.736113364977314
8414,-0.880887309266661,143.22181737174216,0.1767441233419137,0.7840990950652655,-0.508933418131156,1.4633228653889674,-75.50006395,-5.305317850000001,27.84206045947593
8415,-0.9520138098312986,115.4636030179808,0.2108066974040705,0.780752959025213,-0.508933418131156,1.4536753884440767,-74.50006465,-5.30531785,27.603006954078467
8416,-0.9599328163620264,142.2920453023391,0.2149336759268852,0.7445651467943558,-0.4653011819965383,1.3186107112156076,-73.50006535,-5.305317849999999,27.64659396846497
8417,-0.9735864857088978,146.0274204095981,0.2019856294453115,0.7914639473385461,-0.3053163161696068,0.8362368639710743,-72.5000661,-5.30531785,27.598438756550763
8418,-0.9839009424437628,142.2756986280396,0.2020239555307974,0.774668291819039,-0.2835001981022981,0.7397620945221677,-71.50006685,-5.30531785,27.63464775300065
8419,-0.9840524182041236,134.00623782340023,0.2068364098925802,0.7788022330833748,-0.2835001981022981,0.7494095714670583,-70.50006755000001,-5.30531785,27.57260125337922
8420,-0.98435349965373,149.25225402787063,0.2099152568121131,0.7848092556568553,-0.2907722374580676,0.7687045253568396,-69.50006825,-5.30531785,27.618411888435162
8421,-0.9845031130229392,137.8321741999392,0.2379951653888481,0.7997059069430572,-0.3053163161696068,0.7783520023017304,-68.50006895000001,-5.30531785,27.802779169623193
8422,-0.9840524182041236,111.85525203754838,0.242111125749243,0.7826409441995715,-0.2980442768138373,0.7494095714670583,-67.50006970000001,-5.30531785,27.78495158343071
8423,-0.9834427282686704,103.33162073404866,0.2442492807405044,0.793605431118651,-0.2835001981022981,0.7108196636874956,-66.50007045000001,-5.30531785,28.007718268004226
8424,-0.9835961014125164,92.06359225991996,0.2391260439832601,0.7847798374505198,-0.2107798045446018,0.7204671406323864,-65.50007115,-5.30531785,28.08802806360802
8425,-0.9845031130229392,76.18432790847031,0.2447320899320791,0.7682779848704956,-0.2325959226119107,0.7783520023017304,-64.50007185000001,-5.30531785,28.041244713657647
8426,-0.9839009424437628,58.09763721224506,0.2459380323174811,0.749864146552496,-0.2035077651888324,0.7397620945221677,-63.50007259999999,-5.305317850000001,27.932213842039573
8427,-0.9849482891296872,59.0175380034933,0.2553849909674445,0.7426424176811482,-0.2107798045446018,0.8072944331364024,-62.50007335,-5.305317849999999,28.123921271600523
8428,-0.9881883265381908,60.0672596974885,0.3144641246327479,0.7760678696439932,-0.2980442768138373,1.0291864028688875,-61.50007405,-5.30531785,28.404484379977134
8429,-0.9895081522345636,54.04753406288784,0.3192645371983049,0.7403335706006471,-0.2980442768138373,1.1256611723177945,-60.500074749999996,-5.30531785,28.153659437073713
8496,0.3679350136629354,704.5894333183418,0.1007236762518717,0.6856228503014398,-0.4325770048955751,1.2896682803809354,-76.50006325000001,-6.31603715,26.714671394000618
8497,-0.6611861734984326,215.4683873543001,0.1791833113721789,0.7600691415335132,-0.5343855558763495,1.6369774503969994,-75.50006395,-6.31603715,27.521616888108497
8498,-0.9621951976200837,142.97222856271532,0.2047562694099386,0.7748876545175327,-0.4943893394196168,1.444027911499186,-74.50006465,-6.3160371500000005,27.80609917177486
8499,-0.9642735006130496,175.64022718808272,0.2020047924880544,0.7771980244704303,-0.3016802964917222,0.9616540642546528,-73.50006535,-6.31603715,27.619944098812937
8500,-0.9846521132226022,178.0408417607528,0.2026455971306472,0.7947312420601206,-0.2907722374580676,0.7879994792466211,-72.50006609999998,-6.31603715,27.470024059587615
8501,-0.982978750393263,179.5225427866155,0.2074275196957793,0.783489963060557,-0.2689561193907587,0.6818772328528236,-71.50006685,-6.3160371500000005,27.499559504306035
8502,-0.9848005040144954,176.41376032634986,0.2291687676974252,0.7781342049072615,-0.3271324342369156,0.7976469561915117,-70.50006755,-6.31603715,27.458440862854843
8503,-0.9846521132226022,153.3642019626501,0.2342663824743925,0.7866129825925401,-0.3162243752032611,0.7879994792466211,-69.50006825,-6.3160371500000005,27.61613166292068
8504,-0.9839009424437628,141.61848379216218,0.2391260439832601,0.7932653285658857,-0.3053163161696068,0.7397620945221677,-68.50006895000001,-6.3160371500000005,27.914251618458593
8505,-0.9835961014125164,127.78347836600508,0.2404557799495571,0.798382081831115,-0.2980442768138373,0.7204671406323864,-67.50006970000001,-6.3160371500000005,27.974391616627372
8506,-0.982822791443546,111.5607720623875,0.2386403352894968,0.7914433118396081,-0.2289599029340261,0.672229755907933,-66.50007045000001,-6.31603715,28.12510803902228
8507,-0.9832887147359152,92.7348836592204,0.2391260439832601,0.806685097210271,-0.2398679619676804,0.701172186742605,-65.50007115,-6.31603715,27.93790513023123
8508,-0.9839009424437628,70.5160700959912,0.2447320899320791,0.7916875493374578,-0.2398679619676804,0.7397620945221677,-64.50007185,-6.316037149999999,27.994994373352654
8509,-0.9853880472716476,73.41249087738622,0.251660085580619,0.7941864607430574,-0.2325959226119107,0.8362368639710743,-63.500072599999996,-6.316037149999999,28.011669752659884
8510,-0.988322620086674,65.88455135491908,0.3048110078216322,0.7696725871792579,-0.3016802964917222,1.0388338798137782,-62.500073349999994,-6.3160371500000005,28.092386368275925
8511,-0.9877822860445422,66.6739761142085,0.321401455547003,0.7896522186138805,-0.2835001981022981,1.0002439720342156,-61.50007405,-6.3160371500000005,28.097830720221964
8512,-0.9852420571025684,72.46968973933079,0.3260011670040906,0.7886696558336935,-0.1962357258330627,0.8265893870261837,-60.50007474999999,-6.316037149999999,28.230223906465312
8581,0.9888503176789172,683.8919072471774,0.0641557554193824,0.6737376254697194,-0.2689561193907587,0.701172186742605,-76.50006325000001,-7.328682050000001,26.22250224082569
8582,-0.4791559503297634,332.2449567465706,0.1705474080613691,0.7744664178623935,-0.545293614910004,1.64662492734189,-75.50006395,-7.328682050000001,27.130155391926962
8583,-0.9416995799833306,235.3003137292954,0.2019856294453115,0.769155408776128,-0.5016613787753863,1.4536753884440767,-74.50006465000001,-7.328682049999999,27.507726002224956
8584,-0.955848441037366,258.52354634605246,0.2019856294453115,0.763307922730598,-0.3998528277946117,1.1063662184280127,-73.50006534999999,-7.328682049999999,27.296051727684755
8585,-0.986251700536419,204.71181358083223,0.2032672387304962,0.76703954652077,-0.3053163161696068,0.8941217256404183,-72.5000661,-7.32868205,27.824685545311638
8586,-0.9835961014125164,202.9630910397459,0.2074275196957793,0.7685145891217691,-0.2689561193907587,0.7204671406323864,-71.50006685,-7.32868205,27.435069851063133
8587,-0.9849482891296872,193.77773772666703,0.2261984179159768,0.790918321773292,-0.3162243752032611,0.8072944331364024,-70.50006755000001,-7.32868205,27.3945505179272
8588,-0.9846521132226022,174.2059161350683,0.2342663824743925,0.7954092970903703,-0.3016802964917222,0.7879994792466211,-69.50006825,-7.328682049999999,27.547974480976052
8589,-0.9839009424437628,165.80449353444104,0.2373588312464247,0.7964285695204494,-0.2835001981022981,0.7397620945221677,-68.50006895000001,-7.328682050000001,27.933839323302607
8590,-0.9837488381532756,143.8567213956999,0.2380748959922913,0.817615839829865,-0.2762281587465284,0.730114617577277,-67.5000697,-7.328682050000002,28.069697756944606
8591,-0.9842032693221738,117.88937661798896,0.243766471548929,0.8015463182873046,-0.2980442768138373,0.759057048411949,-66.50007045000001,-7.328682050000001,28.037545544844022
8592,-0.9849482891296872,97.49772176990147,0.2453350611247805,0.8066654052849992,-0.2762281587465284,0.8072944331364024,-65.50007115,-7.32868205,27.964238007016036
8593,-0.9865349880011778,83.38154601389674,0.2468731304226539,0.7992020585401911,-0.2835001981022981,0.9134166795301996,-64.50007185000001,-7.32868205,28.257122287001323
8594,-0.9898943141635972,81.32795828832542,0.3039621028325345,0.7799879113274164,-0.319860394881146,1.1546036031524662,-63.500072599999996,-7.328682050000001,28.673269107804742
8595,-0.9897660838849404,73.41615445086751,0.31867757984607,0.7926536345477663,-0.2980442768138373,1.1449561262075756,-62.500073349999994,-7.32868205,28.1334594994874
8596,-0.986251700536419,90.39122601967512,0.3191046150920256,0.7843746308708528,-0.1962357258330627,0.8941217256404183,-61.50007405,-7.32868205,28.562811446594026
8597,-0.9845031130229392,112.23443817345816,0.323538373895701,0.793219958155592,-0.1162432929195969,0.7783520023017304,-60.50007475,-7.32868205,28.14644398901146
8666,2.4950144312858993,1046.130870973525,-0.9743516519481004,0.6587291504171712,-0.0106366571942575,0.4806381605249675,-76.50006325000001,-8.34357395,21.4337762149342
8667,-0.1272906299690892,406.2234293794008,0.1527909218571847,0.7736741036345558,-0.508933418131156,1.347553142050279,-75.50006395000001,-8.343573950000001,26.606498001381
8668,-0.8207319922890444,181.57992814725517,0.1811850931556601,0.757787102423148,-0.5162054574869255,1.4536753884440767,-74.50006465000001,-8.34357395,28.201527896674577
8669,-0.9581178463229134,262.2693916655544,0.185972423135201,0.7767691627349593,-0.4434850639292294,1.2221359417667008,-73.50006535,-8.34357395,27.34203744071408
8670,-0.9779204119435212,213.43848724312244,0.1813313125102385,0.7738264612596432,-0.4253049655398054,1.0967187414831223,-72.5000661,-8.343573949999998,27.340929349334772
8671,-0.9869557036110428,246.49736749951344,0.186163419284164,0.7817816623583821,-0.3271324342369156,0.9423591103648716,-71.50006685,-8.34357395,27.53507107079895
8672,-0.9850954722688496,208.6260493387982,0.2062453000893802,0.7444767270215861,-0.3053163161696068,0.816941910081293,-70.50006755000001,-8.34357395,27.947571391710028
8673,-0.9846521132226022,188.6753966067544,0.2084466763710332,0.7950232634978364,-0.2835001981022981,0.7879994792466211,-69.50006825,-8.34357395,27.320396788064272
8674,-0.98435349965373,189.83619209165337,0.221665388893762,0.7796035902231474,-0.2762281587465284,0.7687045253568396,-68.50006895000001,-8.34357395,27.39108463033915
8675,-0.9863936275562633,145.944099792008,0.2261984179159768,0.8101650723538489,-0.3016802964917222,0.903769202585309,-67.50006970000001,-8.34357395,28.24763476129033
8676,-0.986251700536419,128.01923065912598,0.2381546265957336,0.8087052306452344,-0.2835001981022981,0.8941217256404183,-66.50007045000001,-8.34357395,28.428281158324808
8677,-0.9877822860445422,101.00719949034016,0.242111125749243,0.8013690422064167,-0.2762281587465284,1.0002439720342156,-65.50007115,-8.343573950000001,28.135798826743553
8678,-0.9896373641777392,93.73272542067237,0.2596565336032752,0.7809027422045387,-0.2980442768138373,1.135308649262685,-64.50007185000001,-8.34357395,28.806397459905327
8679,-0.9913958954935947,82.4802928476096,0.3059088979307779,0.7277174553830458,-0.319860394881146,1.270373326491154,-63.50007259999999,-8.34357395,29.494047250591507
8680,-0.9912733269368632,87.33123313554682,0.3192645371983049,0.783878021568094,-0.3053163161696068,1.2607258495462637,-62.500073349999994,-8.34357395,28.819642310298605
8681,-0.988722383667168,106.88482917527055,0.3191046150920256,0.7287874532558541,-0.2325959226119107,1.06777631064845,-61.50007405000001,-8.34357395,29.730204983410886
8682,-0.986251700536419,114.27475282608124,0.3258159093094163,0.829299943490742,-0.1889636864772932,0.8941217256404183,-60.50007475,-8.34357395,28.010196088186945
