system:index,Biota_Overlap,DEM,Endemicity,LST_Day_1km,NDVI,Rel_Occupancy,Rel_Species_Richness,id,.geo
287,0.7032126788502148,545.0213234079148,0.08725668709925313,14863.502159801139,,-1.1302633521915342,1.7081144798554713,6287,"{""type"":""Polygon"",""coordinates"":[[[-77.0000629,5.2684122],[-76.0000636,5.2684122],[-76.0000636,6.2790281],[-77.0000629,6.2790281],[-77.0000629,5.2684122]]]}"
288,0.8603033635710868,1787.572137141113,1.2774244962950128,14790.18042408255,0.6584632460303859,-0.9486065642511232,1.0461622559548416,6288,"{""type"":""Polygon"",""coordinates"":[[[-76.0000636,5.2684122],[-75.0000643,5.2684122],[-75.0000643,6.2790281],[-76.0000636,6.2790281],[-76.0000636,5.2684122]]]}"
289,0.79010685536533,688.0690012262172,-0.32454859531408237,15001.883908730744,0.6665972694348133,-0.34308393778308793,0.6249199316544408,6289,"{""type"":""Polygon"",""coordinates"":[[[-75.0000643,5.2684122],[-74.000065,5.2684122],[-74.000065,6.2790281],[-75.0000643,6.2790281],[-75.0000643,5.2684122]]]}"
290,1.2816946471463855,2584.228475970394,-0.7837561597683886,14719.146092163688,0.6171871600857712,0.02022963809773352,-0.09720976714624618,6290,"{""type"":""Polygon"",""coordinates"":[[[-74.000065,5.2684122],[-73.0000657,5.2684122],[-73.0000657,6.2790281],[-74.000065,6.2790281],[-74.000065,5.2684122]]]}"
291,-0.04790574497672831,1763.586775936468,0.07424559528187143,14771.149923386436,0.5570721078357266,0.5230251006924136,-1.4896839130325725,6291,"{""type"":""Polygon"",""coordinates"":[[[-73.0000657,5.2684122],[-72.0000665,5.2684122],[-72.0000665,6.2790281],[-73.0000657,6.2790281],[-73.0000657,5.2684122]]]}"
292,-0.809730181803967,172.89959881984188,0.09966164125938869,15249.096224735196,0.5238848874819323,0.5058956435792351,-1.2349901770848548,6292,"{""type"":""Polygon"",""coordinates"":[[[-72.0000665,5.2684122],[-71.0000672,5.2684122],[-71.0000672,6.2790281],[-72.0000665,6.2790281],[-72.0000665,5.2684122]]]}"
293,-0.9184069916224034,112.87184294433135,0.126006336700975,15285.843021036035,0.49146101249225044,0.4765308599566437,-1.1622205382426498,6293,"{""type"":""Polygon"",""coordinates"":[[[-71.0000672,5.2684122],[-70.0000679,5.2684122],[-70.0000679,6.2790281],[-71.0000672,6.2790281],[-71.0000672,5.2684122]]]}"
294,-0.9230812630124435,108.08954473926494,0.126006336700975,15331.105976677889,0.4665885720880065,0.4765308599566437,-1.089450899400445,6294,"{""type"":""Polygon"",""coordinates"":[[[-70.0000679,5.2684122],[-69.0000686,5.268412199999999],[-69.0000686,6.279028099999999],[-70.0000679,6.2790281],[-70.0000679,5.2684122]]]}"
295,-0.8420104223440966,89.11217338011825,0.126006336700975,15348.28227509934,0.45388405654700986,0.447166076334052,-0.8711419828738302,6295,"{""type"":""Polygon"",""coordinates"":[[[-69.0000686,5.268412199999999],[-68.0000693,5.2684122],[-68.0000693,6.2790281],[-69.0000686,6.279028099999999],[-69.0000686,5.268412199999999]]]}"
296,-0.8210918482849854,181.30930105173871,0.16997845877882395,15255.015984321164,0.5866007401690534,0.3884365090888688,-0.5800634275050102,6296,"{""type"":""Polygon"",""coordinates"":[[[-68.0000693,5.2684122],[-67.0000701,5.2684122],[-67.0000701,6.2790281],[-68.0000693,6.2790281],[-68.0000693,5.2684122]]]}"
297,-0.9491645793068665,653.398702928099,0.30097674330595153,14966.58552081555,0.726601130138468,0.3884365090888688,-0.6164482469261127,6297,"{""type"":""Polygon"",""coordinates"":[[[-67.0000701,5.2684122],[-66.0000708,5.2684122],[-66.0000708,6.2790281],[-67.0000701,6.2790281],[-67.0000701,5.2684122]]]}"
298,-1.037843881620883,827.1504517017397,0.126006336700975,14876.660736818882,0.7374126579329958,0.4178012927114605,-0.7256027051894202,6298,"{""type"":""Polygon"",""coordinates"":[[[-66.0000708,5.2684122],[-65.0000715,5.2684122],[-65.0000715,6.2790281],[-66.0000708,6.2790281],[-66.0000708,5.2684122]]]}"
299,-1.0397451773420168,362.5530280309765,0.1510371662573674,14932.686664998135,0.7898584441324835,0.3884365090888688,-0.6528330663472152,6299,"{""type"":""Polygon"",""coordinates"":[[[-65.0000715,5.2684122],[-64.0000722,5.2684122],[-64.0000722,6.2790281],[-65.0000715,6.2790281],[-65.0000715,5.2684122]]]}"
300,-0.9996653402481149,511.86373028484985,0.16050781251809568,14946.079307378264,0.7299401553699405,0.35907172546627714,-0.4709089692417027,6300,"{""type"":""Polygon"",""coordinates"":[[[-64.0000722,5.2684122],[-63.00007299999999,5.2684122],[-63.00007299999999,6.2790281],[-64.0000722,6.2790281],[-64.0000722,5.2684122]]]}"
301,-1.0121407400908047,885.3673998980192,0.34596536134077177,14902.238729281085,0.6941340026133043,0.27097737459850224,-0.07067595560957532,6301,"{""type"":""Polygon"",""coordinates"":[[[-63.00007299999999,5.2684122],[-62.0000737,5.2684122],[-62.0000737,6.2790281],[-63.00007299999999,6.2790281],[-63.00007299999999,5.2684122]]]}"
302,-1.0578898262712626,1139.4369583444377,0.38955690617369554,14912.257183933352,0.6358347215348246,0.21714193795708436,0.22040259975924462,6302,"{""type"":""Polygon"",""coordinates"":[[[-62.0000737,5.2684122],[-61.0000744,5.2684122],[-61.0000744,6.279028099999999],[-62.0000737,6.2790281],[-62.0000737,5.2684122]]]}"
303,-1.0968252187652694,704.4425134884018,0.47121817578385267,14906.575556173932,0.7017175290265282,0.2122478073533191,0.25678741918034703,6303,"{""type"":""Polygon"",""coordinates"":[[[-61.0000744,5.2684122],[-60.0000751,5.2684122],[-60.0000751,6.2790281],[-61.0000744,6.279028099999999],[-61.0000744,5.2684122]]]}"
370,0.6048071747928002,741.194322941261,0.0780305800512236,14888.769314647652,0.5670005237904419,-1.3119201401319447,2.0090018543557573,6370,"{""type"":""Polygon"",""coordinates"":[[[-77.0000629,4.259394199999999],[-76.0000636,4.259394199999999],[-76.0000636,5.2684122],[-77.0000629,5.2684122],[-77.0000629,4.259394199999999]]]}"
371,0.6155208969607346,1994.8015422164153,0.9762843622473418,14749.795234863965,0.5985194999372858,-0.9486065642511232,0.8656298312546699,6371,"{""type"":""Polygon"",""coordinates"":[[[-76.0000636,4.259394199999999],[-75.0000643,4.259394199999999],[-75.0000643,5.2684122],[-76.0000636,5.2684122],[-76.0000636,4.259394199999999]]]}"
372,1.0275871341889722,1469.8714526250697,-0.7045580852989568,14909.852276982192,0.6148581302799773,-0.4036362004298916,0.38421003205421184,6372,"{""type"":""Polygon"",""coordinates"":[[[-75.0000643,4.259394199999999],[-74.000065,4.259394199999999],[-74.000065,5.2684122],[-75.0000643,5.2684122],[-75.0000643,4.259394199999999]]]}"
373,0.033009079788089264,1898.287644620104,0.1354756716918854,14742.651621212954,0.6156118553794963,0.4912132517679394,-1.2713749965059573,6373,"{""type"":""Polygon"",""coordinates"":[[[-74.000065,4.259394199999999],[-73.0000657,4.259394199999999],[-73.0000657,5.2684122],[-74.000065,5.2684122],[-74.000065,4.259394199999999]]]}"
374,-0.49476868668201734,312.7088465717793,0.1385217514791712,15194.471152341357,0.5330642441499296,0.45206020693781723,-0.9075268022949325,6374,"{""type"":""Polygon"",""coordinates"":[[[-73.0000657,4.259394199999999],[-72.0000665,4.259394199999999],[-72.0000665,5.2684122],[-73.0000657,5.2684122],[-73.0000657,4.259394199999999]]]}"
375,-0.9297274926451572,153.8665789301582,0.1385217514791712,15275.628355157583,0.5084802061485604,0.4618484681453479,-0.9802964411371375,6375,"{""type"":""Polygon"",""coordinates"":[[[-72.0000665,4.259394199999999],[-71.0000672,4.259394199999999],[-71.0000672,5.2684122],[-72.0000665,5.2684122],[-72.0000665,4.259394199999999]]]}"
376,-0.9888855168016863,141.76023500306826,0.3134589220523237,15296.394229755551,0.4840860239865367,0.4031189009001648,-0.7619875246105225,6376,"{""type"":""Polygon"",""coordinates"":[[[-71.0000672,4.259394199999999],[-70.0000679,4.259394199999999],[-70.0000679,5.2684122],[-71.0000672,5.2684122],[-71.0000672,4.259394199999999]]]}"
377,-0.9931222983725784,129.23594314846287,0.31790936329998143,15275.801911456812,0.560601627149197,0.3884365090888688,-0.6528330663472152,6377,"{""type"":""Polygon"",""coordinates"":[[[-70.0000679,4.259394199999999],[-69.0000686,4.259394199999999],[-69.0000686,5.268412199999999],[-70.0000679,5.2684122],[-70.0000679,4.259394199999999]]]}"
378,-0.9559498895596813,111.20030666786288,0.3232998977550094,15213.17448403636,0.6151130644850846,0.3541775948625119,-0.4709089692417027,6378,"{""type"":""Polygon"",""coordinates"":[[[-69.0000686,4.259394199999999],[-68.0000693,4.259394199999999],[-68.0000693,5.2684122],[-69.0000686,5.268412199999999],[-69.0000686,4.259394199999999]]]}"
379,-0.8885208689223334,290.0772734004648,0.337327896775405,15068.205125058405,0.7276083187444855,0.31257748473050695,-0.17983041387288276,6379,"{""type"":""Polygon"",""coordinates"":[[[-68.0000693,4.259394199999999],[-67.0000701,4.259394199999999],[-67.0000701,5.2684122],[-68.0000693,5.2684122],[-68.0000693,4.259394199999999]]]}"
380,-0.9971215034067848,424.6028586340967,0.2270112910453732,15017.932033670993,0.7491848532396744,0.37375411727757285,-0.5436786080839078,6380,"{""type"":""Polygon"",""coordinates"":[[[-67.0000701,4.259394199999999],[-66.0000708,4.259394199999999],[-66.0000708,5.2684122],[-67.0000701,5.2684122],[-67.0000701,4.259394199999999]]]}"
381,-1.0450304305851688,523.2286458976145,0.28404412331192164,14956.661486585743,0.7324466312090905,0.35907172546627714,-0.43452414982060017,6381,"{""type"":""Polygon"",""coordinates"":[[[-66.0000708,4.259394199999999],[-65.0000715,4.259394199999999],[-65.0000715,5.2684122],[-66.0000708,5.2684122],[-66.0000708,4.259394199999999]]]}"
382,-1.0920013648279587,748.2521576725037,0.3232998977550094,14876.31092141466,0.7268997287183544,0.3248128112399204,-0.2526000527150878,6382,"{""type"":""Polygon"",""coordinates"":[[[-65.0000715,4.259394199999999],[-64.0000722,4.259394199999999],[-64.0000722,5.2684122],[-65.0000715,5.2684122],[-65.0000715,4.259394199999999]]]}"
383,-1.0908079308343774,527.6321114259799,0.31790936329998143,14922.711250740369,0.759108534691628,0.3492834642587466,-0.3617545109783952,6383,"{""type"":""Polygon"",""coordinates"":[[[-64.0000722,4.259394199999999],[-63.00007299999999,4.259394199999999],[-63.00007299999999,5.2684122],[-64.0000722,5.2684122],[-64.0000722,4.259394199999999]]]}"
384,-1.093855570185218,621.012046709684,0.384326463816574,14927.79733427089,0.7728898876976071,0.27097737459850224,-0.07067595560957532,6384,"{""type"":""Polygon"",""coordinates"":[[[-63.00007299999999,4.259394199999999],[-62.0000737,4.259394199999999],[-62.0000737,5.2684122],[-63.00007299999999,5.2684122],[-63.00007299999999,4.259394199999999]]]}"
385,-1.0602675601640263,875.0362225168517,0.5644030912246846,15018.320050113514,0.6205398054389251,0.19756541554202314,0.36594187744365453,6385,"{""type"":""Polygon"",""coordinates"":[[[-62.0000737,4.259394199999999],[-61.0000744,4.259394199999999],[-61.0000744,5.2684122],[-62.0000737,5.2684122],[-62.0000737,4.259394199999999]]]}"
386,-1.0630430399837048,871.5643727045258,0.6315918806379519,15103.453632349703,0.4636142891748638,0.11191812997613079,0.547865974549167,6386,"{""type"":""Polygon"",""coordinates"":[[[-61.0000744,4.259394199999999],[-60.0000751,4.259394199999999],[-60.0000751,5.2684122],[-61.0000744,5.2684122],[-61.0000744,4.259394199999999]]]}"
447,0.7372677397781684,1387.701415964991,-0.1674924098622109,14879.841752632829,0.5937395460791828,-1.3119201401319447,2.0691793292558147,6447,"{""type"":""Polygon"",""coordinates"":[[[-77.0000629,3.2516629],[-76.0000636,3.2516629],[-76.0000636,4.259394199999999],[-77.0000629,4.259394199999999],[-77.0000629,3.2516629]]]}"
448,1.5371014680590231,1671.568936521784,-0.18801679773376245,14843.42332622721,0.6381501239754577,-0.22197941248948064,-0.8193394659469332,6448,"{""type"":""Polygon"",""coordinates"":[[[-76.0000636,3.2516629],[-75.0000643,3.2516628999999995],[-75.0000643,4.259394199999999],[-76.0000636,4.259394199999999],[-76.0000636,3.2516629]]]}"
449,2.230024116352885,1875.1766876203455,-0.9872696064261789,14760.1257038265,0.5835484762836147,-0.22197941248948064,-0.5786295663467043,6449,"{""type"":""Polygon"",""coordinates"":[[[-75.0000643,3.2516628999999995],[-74.000065,3.2516629],[-74.000065,4.259394199999999],[-75.0000643,4.259394199999999],[-75.0000643,3.2516628999999995]]]}"
450,-0.40620071583878953,495.7097887911023,0.3134589220523237,15099.176818171261,0.5912716020292759,0.3468363989568639,-0.5436786080839078,6450,"{""type"":""Polygon"",""coordinates"":[[[-74.000065,3.2516629],[-73.0000657,3.2516628999999995],[-73.0000657,4.259394199999999],[-74.000065,4.259394199999999],[-74.000065,3.2516629]]]}"
451,-0.8777713149076837,201.40840771258055,0.32869043221003824,15267.658050801418,0.4782415765714538,0.3150245500323897,-0.3617545109783952,6451,"{""type"":""Polygon"",""coordinates"":[[[-73.0000657,3.2516628999999995],[-72.0000665,3.2516629],[-72.0000665,4.259394199999999],[-73.0000657,4.259394199999999],[-73.0000657,3.2516628999999995]]]}"
452,-0.9944807584953088,193.0858710810662,0.337327896775405,15237.926295682146,0.5547176859178973,0.3541775948625119,-0.6164482469261127,6452,"{""type"":""Polygon"",""coordinates"":[[[-72.0000665,3.2516629],[-71.0000672,3.2516629],[-71.0000672,4.259394199999999],[-72.0000665,4.259394199999999],[-72.0000665,3.2516629]]]}"
453,-1.002117507293361,168.61407376987486,0.3651459125786733,15113.84497113677,0.7411295399983522,0.3419422683530989,-0.3981393303994977,6453,"{""type"":""Polygon"",""coordinates"":[[[-71.0000672,3.2516629],[-70.0000679,3.2516629],[-70.0000679,4.259394199999999],[-71.0000672,4.259394199999999],[-71.0000672,3.2516629]]]}"
454,-1.0466652086153327,154.80195115990955,0.384326463816574,15052.620043589382,0.7963550513316315,0.3346010724474509,-0.3617545109783952,6454,"{""type"":""Polygon"",""coordinates"":[[[-70.0000679,3.2516629],[-69.0000686,3.2516628999999995],[-69.0000686,4.259394199999999],[-70.0000679,4.259394199999999],[-70.0000679,3.2516629]]]}"
455,-1.0474607032817966,121.04761669448055,0.337327896775405,15067.6457397631,0.7465862064187977,0.3419422683530989,-0.3253696915572928,6455,"{""type"":""Polygon"",""coordinates"":[[[-69.0000686,3.2516628999999995],[-68.0000693,3.2516629],[-68.0000693,4.259394199999999],[-69.0000686,4.259394199999999],[-69.0000686,3.2516628999999995]]]}"
456,-1.0945539875364523,108.15557629643978,0.384326463816574,15112.496741759147,0.6886226790453692,0.27097737459850224,0.002093683232629664,6456,"{""type"":""Polygon"",""coordinates"":[[[-68.0000693,3.2516629],[-67.0000701,3.2516629],[-67.0000701,4.259394199999999],[-68.0000693,4.259394199999999],[-68.0000693,3.2516629]]]}"
457,-1.135760611259276,160.33965341497836,0.3651459125786733,15072.00298961552,0.7478573828012657,0.3248128112399204,-0.2526000527150878,6457,"{""type"":""Polygon"",""coordinates"":[[[-67.0000701,3.2516629],[-66.0000708,3.2516629],[-66.0000708,4.259394199999999],[-67.0000701,4.259394199999999],[-67.0000701,3.2516629]]]}"
458,-1.094207713387521,685.7403486606784,0.43942516807494847,14935.800425878515,0.7578253962916401,0.27097737459850224,-0.03429113618847282,6458,"{""type"":""Polygon"",""coordinates"":[[[-66.0000708,3.2516629],[-65.0000715,3.2516629],[-65.0000715,4.259394199999999],[-66.0000708,4.259394199999999],[-66.0000708,3.2516629]]]}"
459,-1.093855570185218,897.7112582737938,0.38633249882035664,14865.876309601916,0.7321087732526371,0.27097737459850224,-0.07067595560957532,6459,"{""type"":""Polygon"",""coordinates"":[[[-65.0000715,3.2516629],[-64.0000722,3.2516629],[-64.0000722,4.259394199999999],[-65.0000715,4.259394199999999],[-65.0000715,3.2516629]]]}"
460,-1.0927623952006773,566.1013161524947,0.38532948131846484,14927.053529985045,0.7654030378760986,0.31257748473050695,-0.17983041387288276,6460,"{""type"":""Polygon"",""coordinates"":[[[-64.0000722,3.2516629],[-63.00007299999999,3.2516629],[-63.00007299999999,4.259394199999999],[-64.0000722,4.259394199999999],[-64.0000722,3.2516629]]]}"
461,-1.0584981917789815,470.08357006855545,0.5330246974427088,14972.462439295241,0.7914896950818546,0.2122478073533191,0.25678741918034703,6461,"{""type"":""Polygon"",""coordinates"":[[[-63.00007299999999,3.2516629],[-62.0000737,3.2516629],[-62.0000737,4.259394199999999],[-63.00007299999999,4.259394199999999],[-63.00007299999999,3.2516629]]]}"
462,-1.0614027940150828,207.7588548379464,0.6255723415224004,15179.499189599466,0.6318957433583539,0.17309476252319694,0.43871151628585947,6462,"{""type"":""Polygon"",""coordinates"":[[[-62.0000737,3.2516629],[-61.0000744,3.2516628999999995],[-61.0000744,4.259394199999999],[-62.0000737,4.259394199999999],[-62.0000737,3.2516629]]]}"
463,-1.0635738251754971,127.02417617448683,0.501646303660732,15408.03304879968,0.358865184915399,0.10457693407048305,0.5842507939702695,6463,"{""type"":""Polygon"",""coordinates"":[[[-61.0000744,3.2516628999999995],[-60.0000751,3.2516629],[-60.0000751,4.259394199999999],[-61.0000744,4.259394199999999],[-61.0000744,3.2516628999999995]]]}"
519,1.161820832679989,2129.4881274033287,-0.7126809647317193,14715.184033205445,0.6621162467068233,-1.1908156148383375,0.3240325571541546,6519,"{""type"":""Polygon"",""coordinates"":[[[-77.0000629,2.2449108000000004],[-76.0000636,2.2449108000000004],[-76.0000636,3.2516629],[-77.0000629,3.2516629],[-77.0000629,2.2449108000000004]]]}"
520,0.06702732443395862,1635.3444739986608,0.10978790919289604,14831.917889870097,0.6736354016810092,0.4447190110321692,-2.2901499402968275,6520,"{""type"":""Polygon"",""coordinates"":[[[-76.0000636,2.2449108000000004],[-75.0000643,2.2449108000000004],[-75.0000643,3.2516628999999995],[-76.0000636,3.2516629],[-76.0000636,2.2449108000000004]]]}"
521,-0.7761391678600867,903.6098808620544,0.337327896775405,14940.074742892839,0.7047318077785388,0.3419422683530989,-0.6164482469261127,6521,"{""type"":""Polygon"",""coordinates"":[[[-75.0000643,2.2449108000000004],[-74.000065,2.2449108000000004],[-74.000065,3.2516629],[-75.0000643,3.2516628999999995],[-75.0000643,2.2449108000000004]]]}"
522,-0.9667077959861529,310.4810193990865,0.384326463816574,15078.094193416176,0.6798975381132388,0.27097737459850224,-0.21621523329398526,6522,"{""type"":""Polygon"",""coordinates"":[[[-74.000065,2.2449108000000004],[-73.0000657,2.2449108],[-73.0000657,3.2516628999999995],[-74.000065,3.2516629],[-74.000065,2.2449108000000004]]]}"
523,-1.0111019176440108,214.44041004432546,0.43942516807494847,15169.801462570973,0.6262508172102196,0.258742048089089,-0.1070607750306778,6523,"{""type"":""Polygon"",""coordinates"":[[[-73.0000657,2.2449108],[-72.0000665,2.2449108000000004],[-72.0000665,3.2516629],[-73.0000657,3.2516628999999995],[-73.0000657,2.2449108]]]}"
524,-1.0916106572705364,195.11068563121157,0.38955690617369554,15061.44136842987,0.7646215368075825,0.31013041942862446,-0.28898487213619023,6524,"{""type"":""Polygon"",""coordinates"":[[[-72.0000665,2.2449108000000004],[-71.0000672,2.2449108000000004],[-71.0000672,3.2516629],[-72.0000665,3.2516629],[-72.0000665,2.2449108000000004]]]}"
525,-1.0916106572705364,192.27931267098606,0.384326463816574,15041.040827608933,0.7839554024414,0.3150245500323897,-0.28898487213619023,6525,"{""type"":""Polygon"",""coordinates"":[[[-71.0000672,2.2449108000000004],[-70.0000679,2.2449108000000004],[-70.0000679,3.2516629],[-71.0000672,3.2516629],[-71.0000672,2.2449108000000004]]]}"
526,-1.135760611259276,177.07683246548368,0.38532948131846484,15046.891103250375,0.788017768133797,0.31257748473050695,-0.17983041387288276,6526,"{""type"":""Polygon"",""coordinates"":[[[-70.0000679,2.2449108000000004],[-69.0000686,2.2449108],[-69.0000686,3.2516628999999995],[-70.0000679,3.2516629],[-70.0000679,2.2449108000000004]]]}"
527,-1.135760611259276,136.9729565095588,0.38794470249702606,15061.506005235771,0.7798435200931628,0.2905538970135635,-0.1070607750306778,6527,"{""type"":""Polygon"",""coordinates"":[[[-69.0000686,2.2449108],[-68.0000693,2.2449108000000004],[-68.0000693,3.2516629],[-69.0000686,3.2516628999999995],[-69.0000686,2.2449108]]]}"
528,-1.135760611259276,113.66390647446407,0.38794470249702606,15061.97263905731,0.744025089993477,0.27097737459850224,-0.03429113618847282,6528,"{""type"":""Polygon"",""coordinates"":[[[-68.0000693,2.2449108000000004],[-67.0000701,2.2449108000000004],[-67.0000701,3.2516629],[-68.0000693,3.2516629],[-68.0000693,2.2449108000000004]]]}"
529,-1.135760611259276,118.97343487188769,0.34596536134077177,15060.28636552801,0.7577789180187035,0.3150245500323897,-0.21621523329398526,6529,"{""type"":""Polygon"",""coordinates"":[[[-67.0000701,2.2449108000000004],[-66.0000708,2.2449108000000004],[-66.0000708,3.2516629],[-67.0000701,3.2516629],[-67.0000701,2.2449108000000004]]]}"
530,-1.135760611259276,172.43724272476774,0.38794470249702606,15050.054574761773,0.8009505693766396,0.2905538970135635,-0.1070607750306778,6530,"{""type"":""Polygon"",""coordinates"":[[[-66.0000708,2.2449108000000004],[-65.0000715,2.2449108000000004],[-65.0000715,3.2516629],[-66.0000708,3.2516629],[-66.0000708,2.2449108000000004]]]}"
531,-1.095559027139448,600.5437354809444,0.41380859720830876,14951.37639854315,0.7566381175655948,0.23916552567402807,0.11124814149593713,6531,"{""type"":""Polygon"",""coordinates"":[[[-65.0000715,2.2449108000000004],[-64.0000722,2.2449108000000004],[-64.0000722,3.2516629],[-65.0000715,3.2516629],[-65.0000715,2.2449108000000004]]]}"
532,-1.095883233462995,676.7647265974028,0.4407900479069741,14905.657859965531,0.6810491119071962,0.23182432976838008,0.14763296091703965,6532,"{""type"":""Polygon"",""coordinates"":[[[-64.0000722,2.2449108000000004],[-63.00007299999999,2.2449108000000004],[-63.00007299999999,3.2516629],[-64.0000722,3.2516629],[-64.0000722,2.2449108000000004]]]}"
533,-1.0619577030989946,297.04224287240265,0.5949877163735421,14998.444608357842,0.7919181861910741,0.14617704420248773,0.47509633570696197,6533,"{""type"":""Polygon"",""coordinates"":[[[-63.00007299999999,2.2449108000000004],[-62.0000737,2.2449108000000004],[-62.0000737,3.2516629],[-63.00007299999999,3.2516629],[-63.00007299999999,2.2449108000000004]]]}"
534,-1.0640969178282782,153.85329393693766,0.563128489931193,15144.962643397717,0.654442904031772,0.09234160756106982,0.620635613391372,6534,"{""type"":""Polygon"",""coordinates"":[[[-62.0000737,2.2449108000000004],[-61.0000744,2.2449108000000004],[-61.0000744,3.2516628999999995],[-62.0000737,3.2516629],[-62.0000737,2.2449108000000004]]]}"
535,-1.0651206848772925,113.00761053824768,0.5949877163735421,15259.346305214152,0.5272253642105662,0.07521215044789135,0.6934052522335769,6535,"{""type"":""Polygon"",""coordinates"":[[[-61.0000744,2.2449108000000004],[-60.0000751,2.2449108000000004],[-60.0000751,3.2516629],[-61.0000744,3.2516628999999995],[-61.0000744,2.2449108000000004]]]}"
593,-0.26584299933299627,2163.13256369251,0.384326463816574,14604.935340912389,0.7162502104235333,0.27097737459850224,-1.089450899400445,6593,"{""type"":""Polygon"",""coordinates"":[[[-77.0000629,1.2388333000000002],[-76.0000636,1.2388333000000002],[-76.0000636,2.2449108000000004],[-77.0000629,2.2449108000000004],[-77.0000629,1.2388333000000002]]]}"
594,-0.6899184529467566,895.6639778843656,0.4407900479069741,14973.439085871638,0.7417009338014809,0.27097737459850224,-0.28898487213619023,6594,"{""type"":""Polygon"",""coordinates"":[[[-76.0000636,1.2388333000000002],[-75.0000643,1.2388333000000002],[-75.0000643,2.2449108000000004],[-76.0000636,2.2449108000000004],[-76.0000636,1.2388333000000002]]]}"
595,-0.9695490197722558,288.78971284274803,0.501646303660732,15162.433110872173,0.6810507580867318,0.27097737459850224,-0.1434455944517803,6595,"{""type"":""Polygon"",""coordinates"":[[[-75.0000643,1.2388333000000002],[-74.000065,1.2388333000000002],[-74.000065,2.2449108000000004],[-75.0000643,2.2449108000000004],[-75.0000643,1.2388333000000002]]]}"
596,-1.0948945381457318,273.8556038485692,0.5942703442296248,15065.649048634614,0.7252156686558785,0.23916552567402807,0.03847850265373215,6596,"{""type"":""Polygon"",""coordinates"":[[[-74.000065,1.2388333000000002],[-73.0000657,1.2388333000000002],[-73.0000657,2.2449108],[-74.000065,2.2449108000000004],[-74.000065,1.2388333000000002]]]}"
597,-1.0962022524853652,248.85225090563418,0.6284933246331517,15074.369833379804,0.7426152154379734,0.20245954614578862,0.18401778033814212,6597,"{""type"":""Polygon"",""coordinates"":[[[-73.0000657,1.2388333000000002],[-72.0000665,1.2388333000000002],[-72.0000665,2.2449108000000004],[-73.0000657,2.2449108],[-73.0000657,1.2388333000000002]]]}"
598,-1.135760611259276,240.27970935823558,0.6255723415224004,15045.634956059515,0.7828402590647684,0.21714193795708436,0.14763296091703965,6598,"{""type"":""Polygon"",""coordinates"":[[[-72.0000665,1.2388333000000002],[-71.0000672,1.2388333],[-71.0000672,2.2449108000000004],[-72.0000665,2.2449108000000004],[-72.0000665,1.2388333000000002]]]}"
599,-1.135760611259276,201.44510161577162,0.6465152921777687,15030.96555578345,0.827201254612124,0.20245954614578862,0.3295570580225521,6599,"{""type"":""Polygon"",""coordinates"":[[[-71.0000672,1.2388333],[-70.0000679,1.2388333000000002],[-70.0000679,2.2449108000000004],[-71.0000672,2.2449108000000004],[-71.0000672,1.2388333]]]}"
600,-1.135760611259276,191.00594192225796,0.5644030912246846,15058.028838857113,0.8090782412487373,0.20735367674955388,0.29317223860144953,6600,"{""type"":""Polygon"",""coordinates"":[[[-70.0000679,1.2388333000000002],[-69.0000686,1.2388333],[-69.0000686,2.2449108],[-70.0000679,2.2449108000000004],[-70.0000679,1.2388333000000002]]]}"
601,-1.135760611259276,146.30131026367894,0.5644030912246846,15056.086900295022,0.7651760219806623,0.20735367674955388,0.29317223860144953,6601,"{""type"":""Polygon"",""coordinates"":[[[-69.0000686,1.2388333],[-68.0000693,1.2388333000000002],[-68.0000693,2.2449108000000004],[-69.0000686,2.2449108],[-69.0000686,1.2388333]]]}"
602,-1.135760611259276,120.94832264808107,0.501646303660732,15039.483879280753,0.8178423998635962,0.20735367674955388,0.29317223860144953,6602,"{""type"":""Polygon"",""coordinates"":[[[-68.0000693,1.2388333000000002],[-67.0000701,1.2388333000000002],[-67.0000701,2.2449108000000004],[-68.0000693,2.2449108000000004],[-68.0000693,1.2388333000000002]]]}"
603,-1.135760611259276,107.31884270573791,0.4380602882429219,15068.605946360574,0.7698934809805966,0.21714193795708436,0.22040259975924462,6603,"{""type"":""Polygon"",""coordinates"":[[[-67.0000701,1.2388333000000002],[-66.0000708,1.2388333000000002],[-66.0000708,2.2449108000000004],[-67.0000701,2.2449108000000004],[-67.0000701,1.2388333000000002]]]}"
604,-1.135760611259276,377.08215456616426,0.43942516807494847,15009.89739629316,0.7595196002742396,0.2244831338627321,0.18401778033814212,6604,"{""type"":""Polygon"",""coordinates"":[[[-66.0000708,1.2388333000000002],[-65.0000715,1.2388333000000002],[-65.0000715,2.2449108000000004],[-66.0000708,2.2449108000000004],[-66.0000708,1.2388333000000002]]]}"
605,-1.135760611259276,517.0330689854437,0.5949877163735421,14958.042435129588,0.7914689007661132,0.14617704420248773,0.47509633570696197,6605,"{""type"":""Polygon"",""coordinates"":[[[-65.0000715,1.2388333000000002],[-64.0000722,1.2388333],[-64.0000722,2.2449108000000004],[-65.0000715,2.2449108000000004],[-65.0000715,1.2388333000000002]]]}"
606,-1.135760611259276,267.09907753460686,0.6255723415224004,15020.890559913583,0.7782570960170259,0.10457693407048305,0.5842507939702695,6606,"{""type"":""Polygon"",""coordinates"":[[[-64.0000722,1.2388333],[-63.00007299999999,1.2388333000000002],[-63.00007299999999,2.2449108000000004],[-64.0000722,2.2449108000000004],[-64.0000722,1.2388333]]]}"
607,-1.0640969178282782,190.27849009924103,0.5949877163735421,15035.549225444764,0.7754209136051697,0.09234160756106982,0.620635613391372,6607,"{""type"":""Polygon"",""coordinates"":[[[-63.00007299999999,1.2388333000000002],[-62.0000737,1.2388333000000002],[-62.0000737,2.2449108000000004],[-63.00007299999999,2.2449108000000004],[-63.00007299999999,1.2388333000000002]]]}"
608,-1.0640969178282782,137.36637998012284,0.563128489931193,15088.141227753911,0.7245467264264775,0.09234160756106982,0.620635613391372,6608,"{""type"":""Polygon"",""coordinates"":[[[-62.0000737,1.2388333000000002],[-61.0000744,1.2388333000000002],[-61.0000744,2.2449108000000004],[-62.0000737,2.2449108000000004],[-62.0000737,1.2388333000000002]]]}"
609,-1.0661156134178837,137.76129078275144,0.5949877163735421,15110.084237195279,0.7084340215371348,0.055635628032830384,0.766174891075782,6609,"{""type"":""Polygon"",""coordinates"":[[[-61.0000744,1.2388333000000002],[-60.0000751,1.2388333000000002],[-60.0000751,2.2449108000000004],[-61.0000744,2.2449108000000004],[-61.0000744,1.2388333000000002]]]}"
670,-0.9512533408585726,539.4240967965163,0.5644030912246846,14983.68617480919,0.7586225536623998,0.07031801984412611,0.36594187744365453,6670,"{""type"":""Polygon"",""coordinates"":[[[-77.0000629,0.23312750000000004],[-76.0000636,0.23312750000000004],[-76.0000636,1.2388333000000002],[-77.0000629,1.2388333000000002],[-77.0000629,0.23312750000000004]]]}"
671,-1.0584981917789815,229.22421603351148,0.6715343203057985,15090.998844588707,0.7499914941949696,0.11191812997613079,0.25678741918034703,6671,"{""type"":""Polygon"",""coordinates"":[[[-76.0000636,0.23312750000000004],[-75.0000643,0.23312750000000004],[-75.0000643,1.2388333000000002],[-76.0000636,1.2388333000000002],[-76.0000636,0.23312750000000004]]]}"
672,-1.135760611259276,227.03732798561774,0.6616162766116346,15079.897886292754,0.744545384729922,0.21714193795708436,0.07486332207483463,6672,"{""type"":""Polygon"",""coordinates"":[[[-75.0000643,0.23312750000000004],[-74.000065,0.23312750000000004],[-74.000065,1.2388333000000002],[-75.0000643,1.2388333000000002],[-75.0000643,0.23312750000000004]]]}"
673,-1.135760611259276,243.09700119781994,0.6466928650718178,15040.901841217299,0.7611129129505936,0.2122478073533191,0.18401778033814212,6673,"{""type"":""Polygon"",""coordinates"":[[[-74.000065,0.23312750000000004],[-73.0000657,0.23312750000000002],[-73.0000657,1.2388333000000002],[-74.000065,1.2388333000000002],[-74.000065,0.23312750000000004]]]}"
674,-1.135760611259276,240.2549400183475,0.6814523639999625,15056.424127564165,0.7362792925029966,0.19756541554202314,0.22040259975924462,6674,"{""type"":""Polygon"",""coordinates"":[[[-73.0000657,0.23312750000000002],[-72.0000665,0.23312750000000004],[-72.0000665,1.2388333000000002],[-73.0000657,1.2388333000000002],[-73.0000657,0.23312750000000002]]]}"
675,-1.135760611259276,212.84123958943906,0.6851086347502392,15033.997911575683,0.8010935483803961,0.1510711748062532,0.402326696864757,6675,"{""type"":""Polygon"",""coordinates"":[[[-72.0000665,0.23312750000000004],[-71.0000672,0.23312750000000002],[-71.0000672,1.2388333],[-72.0000665,1.2388333000000002],[-72.0000665,0.23312750000000004]]]}"
676,-1.135760611259276,220.33550721955362,0.6887649055005151,15024.022695591215,0.8046809267789563,0.0801062810516566,0.6570204328124744,6676,"{""type"":""Polygon"",""coordinates"":[[[-71.0000672,0.23312750000000002],[-70.0000679,0.23312750000000004],[-70.0000679,1.2388333000000002],[-71.0000672,1.2388333],[-71.0000672,0.23312750000000002]]]}"
677,-1.135760611259276,157.2135648741294,0.7720999121471592,15036.093629859104,0.7998426628698005,0.07031801984412611,0.7297900716546795,6677,"{""type"":""Polygon"",""coordinates"":[[[-70.0000679,0.23312750000000004],[-69.0000686,0.23312750000000004],[-69.0000686,1.2388333],[-70.0000679,1.2388333000000002],[-70.0000679,0.23312750000000004]]]}"
678,-1.135760611259276,120.77737035005359,0.6814523639999625,15048.44965499873,0.7775838064566871,0.0801062810516566,0.6570204328124744,6678,"{""type"":""Polygon"",""coordinates"":[[[-69.0000686,0.23312750000000004],[-68.0000693,0.23312750000000004],[-68.0000693,1.2388333000000002],[-69.0000686,1.2388333],[-69.0000686,0.23312750000000004]]]}"
679,-1.135760611259276,102.03663077089548,0.631769453532001,15042.120044764766,0.7858045926553696,0.07031801984412611,0.7297900716546795,6679,"{""type"":""Polygon"",""coordinates"":[[[-68.0000693,0.23312750000000004],[-67.0000701,0.23312750000000004],[-67.0000701,1.2388333000000002],[-68.0000693,1.2388333000000002],[-68.0000693,0.23312750000000004]]]}"
680,-1.135760611259276,165.80461898465217,0.7304324088238372,15051.217633597991,0.7447007987037679,-0.007988069816118252,1.0572534464446017,6680,"{""type"":""Polygon"",""coordinates"":[[[-67.0000701,0.23312750000000004],[-66.0000708,0.23312750000000004],[-66.0000708,1.2388333000000002],[-67.0000701,1.2388333000000002],[-67.0000701,0.23312750000000004]]]}"
681,-1.135760611259276,453.3187630491265,0.6814523639999625,14996.753632225813,0.7508614245237284,0.011588452598942959,0.8753293493390893,6681,"{""type"":""Polygon"",""coordinates"":[[[-66.0000708,0.23312750000000004],[-65.0000715,0.23312750000000004],[-65.0000715,1.2388333000000002],[-66.0000708,1.2388333000000002],[-66.0000708,0.23312750000000004]]]}"
682,-1.135760611259276,115.96454997196963,0.6255723415224004,15080.068125185773,0.8133148565754877,0.07031801984412611,0.7297900716546795,6682,"{""type"":""Polygon"",""coordinates"":[[[-65.0000715,0.23312750000000004],[-64.0000722,0.23312750000000002],[-64.0000722,1.2388333],[-65.0000715,1.2388333000000002],[-65.0000715,0.23312750000000004]]]}"
683,-1.135760611259276,189.32932051804013,0.5644030912246846,15084.793492708663,0.6710913343604602,0.0801062810516566,0.6570204328124744,6683,"{""type"":""Polygon"",""coordinates"":[[[-64.0000722,0.23312750000000002],[-63.00007299999999,0.23312750000000004],[-63.00007299999999,1.2388333000000002],[-64.0000722,1.2388333],[-64.0000722,0.23312750000000002]]]}"
684,-1.1001865476136727,59.85778978343585,0.6284933246331517,15095.069623952231,0.7192249889404078,0.07521215044789135,0.6934052522335769,6684,"{""type"":""Polygon"",""coordinates"":[[[-63.00007299999999,0.23312750000000004],[-62.0000737,0.23312750000000004],[-62.0000737,1.2388333000000002],[-63.00007299999999,1.2388333000000002],[-63.00007299999999,0.23312750000000004]]]}"
685,-1.0666026413748166,46.42357435165088,0.6314143077439028,15096.792399309605,0.6740414373209603,0.04095323622153442,0.8025597104968845,6685,"{""type"":""Polygon"",""coordinates"":[[[-62.0000737,0.23312750000000004],[-61.0000744,0.23312750000000004],[-61.0000744,1.2388333000000002],[-62.0000737,1.2388333000000002],[-62.0000737,0.23312750000000004]]]}"
686,-1.1011816263170462,89.57697324851296,0.6315918806379519,15100.940942192961,0.7628940118418542,0.02627084441023869,0.8389445299179868,6686,"{""type"":""Polygon"",""coordinates"":[[[-61.0000744,0.23312750000000004],[-60.0000751,0.23312750000000004],[-60.0000751,1.2388333000000002],[-61.0000744,1.2388333000000002],[-61.0000744,0.23312750000000004]]]}"
750,-1.135760611259276,265.68015315648927,0.6284933246331517,15062.25167709767,0.7726174314662739,-6.468739104702679E-4,0.620635613391372,6750,"{""type"":""Polygon"",""coordinates"":[[[-77.0000629,-0.7725084],[-76.0000636,-0.7725084000000001],[-76.0000636,0.23312750000000004],[-77.0000629,0.23312750000000004],[-77.0000629,-0.7725084]]]}"
751,-1.135760611259276,221.47850598995603,0.7304324088238372,15025.195993014575,0.8014230536919976,0.07521215044789135,0.547865974549167,6751,"{""type"":""Polygon"",""coordinates"":[[[-76.0000636,-0.7725084000000001],[-75.0000643,-0.7725084],[-75.0000643,0.23312750000000004],[-76.0000636,0.23312750000000004],[-76.0000636,-0.7725084000000001]]]}"
752,-1.135760611259276,194.66686978139,0.7878448874321892,15027.17652725089,0.7752483902277619,0.11191812997613079,0.402326696864757,6752,"{""type"":""Polygon"",""coordinates"":[[[-75.0000643,-0.7725084],[-74.000065,-0.7725084],[-74.000065,0.23312750000000004],[-75.0000643,0.23312750000000004],[-75.0000643,-0.7725084]]]}"
753,-1.135760611259276,197.83208211603247,0.6814523639999625,15029.745387634439,0.78486889562503,0.17309476252319694,0.36594187744365453,6753,"{""type"":""Polygon"",""coordinates"":[[[-74.000065,-0.7725084],[-73.0000657,-0.7725084],[-73.0000657,0.23312750000000002],[-74.000065,0.23312750000000004],[-74.000065,-0.7725084]]]}"
754,-1.135760611259276,197.24777867330184,0.8168165350042065,15047.149779516374,0.7645639048226229,0.006694321995177715,0.8389445299179868,6754,"{""type"":""Polygon"",""coordinates"":[[[-73.0000657,-0.7725084],[-72.0000665,-0.7725084],[-72.0000665,0.23312750000000004],[-73.0000657,0.23312750000000002],[-73.0000657,-0.7725084]]]}"
755,-1.135760611259276,179.16037382790407,0.8734181245076308,15033.744493171556,0.785163752675268,0.04095323622153442,0.7297900716546795,6755,"{""type"":""Polygon"",""coordinates"":[[[-72.0000665,-0.7725084],[-71.0000672,-0.7725084],[-71.0000672,0.23312750000000002],[-72.0000665,0.23312750000000004],[-72.0000665,-0.7725084]]]}"
756,-1.1018921534049004,163.5495462996149,0.8799110840542138,15033.818970937164,0.7888742355467321,0.001800191391412472,0.9480989881812943,6756,"{""type"":""Polygon"",""coordinates"":[[[-71.0000672,-0.7725084],[-70.0000679,-0.7725084000000001],[-70.0000679,0.23312750000000004],[-71.0000672,0.23312750000000002],[-71.0000672,-0.7725084]]]}"
757,-1.102122551077379,152.38109139769793,0.898477154870382,15042.116416989475,0.7947738400982769,-6.468739104702679E-4,0.9844838076023967,6757,"{""type"":""Polygon"",""coordinates"":[[[-70.0000679,-0.7725084000000001],[-69.0000686,-0.7725084],[-69.0000686,0.23312750000000004],[-70.0000679,0.23312750000000004],[-70.0000679,-0.7725084000000001]]]}"
758,-1.1004406480682842,113.44778836763163,0.8035898627172192,15058.03404590875,0.8006550471970404,0.07031801984412611,0.7297900716546795,6758,"{""type"":""Polygon"",""coordinates"":[[[-69.0000686,-0.7725084],[-68.0000693,-0.7725084000000001],[-68.0000693,0.23312750000000004],[-69.0000686,0.23312750000000004],[-69.0000686,-0.7725084]]]}"
759,-1.1018921534049004,92.2414241731615,0.7720999121471592,15043.264182423816,0.7668872531525132,0.001800191391412472,0.9480989881812943,6759,"{""type"":""Polygon"",""coordinates"":[[[-68.0000693,-0.7725084000000001],[-67.0000701,-0.7725084000000001],[-67.0000701,0.23312750000000004],[-68.0000693,0.23312750000000004],[-68.0000693,-0.7725084000000001]]]}"
760,-1.1016585778334909,86.6401224998199,0.6851086347502392,15048.274986203414,0.7902530224534027,0.006694321995177715,0.9117141687601918,6760,"{""type"":""Polygon"",""coordinates"":[[[-67.0000701,-0.7725084000000001],[-66.0000708,-0.7725084],[-66.0000708,0.23312750000000004],[-67.0000701,0.23312750000000004],[-67.0000701,-0.7725084000000001]]]}"
761,-1.1011816263170462,71.52888204132651,0.6715343203057985,15060.126155976814,0.7662694583959199,0.02627084441023869,0.8389445299179868,6761,"{""type"":""Polygon"",""coordinates"":[[[-66.0000708,-0.7725084],[-65.0000715,-0.7725084000000001],[-65.0000715,0.23312750000000004],[-66.0000708,0.23312750000000004],[-66.0000708,-0.7725084]]]}"
762,-1.135760611259276,58.12585169122896,0.631769453532001,15063.97892746094,0.752381959070525,0.07031801984412611,0.7297900716546795,6762,"{""type"":""Polygon"",""coordinates"":[[[-65.0000715,-0.7725084000000001],[-64.0000722,-0.7725084],[-64.0000722,0.23312750000000002],[-65.0000715,0.23312750000000004],[-65.0000715,-0.7725084000000001]]]}"
763,-1.135760611259276,43.76747821167428,0.6314143077439028,15085.606889733792,0.6865370517935094,0.07031801984412611,0.7297900716546795,6763,"{""type"":""Polygon"",""coordinates"":[[[-64.0000722,-0.7725084],[-63.00007299999999,-0.7725084000000001],[-63.00007299999999,0.23312750000000004],[-64.0000722,0.23312750000000002],[-64.0000722,-0.7725084]]]}"
764,-1.100691144261128,44.696690964884176,0.6315918806379519,15094.782818270278,0.7229845352542289,0.055635628032830384,0.766174891075782,6764,"{""type"":""Polygon"",""coordinates"":[[[-63.00007299999999,-0.7725084000000001],[-62.0000737,-0.7725084000000001],[-62.0000737,0.23312750000000004],[-63.00007299999999,0.23312750000000004],[-63.00007299999999,-0.7725084000000001]]]}"
765,-1.10093811233858,47.96988937291012,0.631769453532001,15073.874591555408,0.765289895855005,0.04095323622153442,0.8025597104968845,6765,"{""type"":""Polygon"",""coordinates"":[[[-62.0000737,-0.7725084000000001],[-61.0000744,-0.7725084],[-61.0000744,0.23312750000000004],[-62.0000737,0.23312750000000004],[-62.0000737,-0.7725084000000001]]]}"
766,-1.135760611259276,93.85426482788353,0.6466928650718178,15065.248719152558,0.7842302106398338,0.006694321995177715,0.9117141687601918,6766,"{""type"":""Polygon"",""coordinates"":[[[-61.0000744,-0.7725084],[-60.0000751,-0.7725084000000001],[-60.0000751,0.23312750000000004],[-61.0000744,0.23312750000000004],[-61.0000744,-0.7725084]]]}"
829,-1.0991325012834325,265.60701716291663,0.659600052482477,15034.784011527792,0.7780010711344018,0.021376713806473446,0.547865974549167,6829,"{""type"":""Polygon"",""coordinates"":[[[-77.0000629,-1.778376],[-76.0000636,-1.7783760000000002],[-76.0000636,-0.7725084000000001],[-77.0000629,-0.7725084],[-77.0000629,-1.778376]]]}"
830,-1.135760611259276,208.63621367820028,0.7720999121471592,15031.349310763131,0.8011515250041212,0.07031801984412611,0.5114811551280645,6830,"{""type"":""Polygon"",""coordinates"":[[[-76.0000636,-1.7783760000000002],[-75.0000643,-1.778376],[-75.0000643,-0.7725084],[-76.0000636,-0.7725084000000001],[-76.0000636,-1.7783760000000002]]]}"
831,-1.135760611259276,184.44879086085865,0.7720999121471592,15039.090736416612,0.769162338393372,0.07031801984412611,0.5842507939702695,6831,"{""type"":""Polygon"",""coordinates"":[[[-75.0000643,-1.778376],[-74.000065,-1.7783760000000002],[-74.000065,-0.7725084],[-75.0000643,-0.7725084],[-75.0000643,-1.778376]]]}"
832,-1.135760611259276,172.86603975803828,0.8168165350042065,15041.010770252266,0.7981913798175589,0.055635628032830384,0.620635613391372,6832,"{""type"":""Polygon"",""coordinates"":[[[-74.000065,-1.7783760000000002],[-73.0000657,-1.778376],[-73.0000657,-0.7725084],[-74.000065,-0.7725084],[-74.000065,-1.7783760000000002]]]}"
833,-1.135760611259276,161.7727010295895,0.8300432072911945,15050.486729832675,0.7809592983997977,0.04095323622153442,0.7297900716546795,6833,"{""type"":""Polygon"",""coordinates"":[[[-73.0000657,-1.778376],[-72.0000665,-1.778376],[-72.0000665,-0.7725084],[-73.0000657,-0.7725084],[-73.0000657,-1.778376]]]}"
834,-1.135760611259276,137.63937471751188,0.8517306658994127,15030.746947277226,0.7717535976533548,0.02627084441023869,0.766174891075782,6834,"{""type"":""Polygon"",""coordinates"":[[[-72.0000665,-1.778376],[-71.0000672,-1.778376],[-71.0000672,-0.7725084],[-72.0000665,-0.7725084],[-72.0000665,-1.778376]]]}"
835,-1.1016585778334909,119.86515604442124,0.898477154870382,15036.503300013077,0.790978891164307,-6.468739104702679E-4,0.9117141687601918,6835,"{""type"":""Polygon"",""coordinates"":[[[-71.0000672,-1.778376],[-70.0000679,-1.7783760000000002],[-70.0000679,-0.7725084000000001],[-71.0000672,-0.7725084],[-71.0000672,-1.778376]]]}"
836,-1.10365155381292,118.32757442008746,0.927373372857086,15036.313721874476,0.7682372570949886,-0.0960824206838931,1.2391775435501144,6836,"{""type"":""Polygon"",""coordinates"":[[[-70.0000679,-1.7783760000000002],[-69.0000686,-1.778376],[-69.0000686,-0.7725084],[-70.0000679,-0.7725084000000001],[-70.0000679,-1.7783760000000002]]]}"
837,-1.102122551077379,109.34632263816778,0.8517306658994127,15051.30254877938,0.7701904012658091,-6.468739104702679E-4,0.9844838076023967,6837,"{""type"":""Polygon"",""coordinates"":[[[-69.0000686,-1.778376],[-68.0000693,-1.778376],[-68.0000693,-0.7725084000000001],[-69.0000686,-0.7725084],[-69.0000686,-1.778376]]]}"
838,-1.1025740686637133,84.7644622449715,0.8517306658994127,15050.592814781705,0.75974923860499,-0.007988069816118252,1.0572534464446017,6838,"{""type"":""Polygon"",""coordinates"":[[[-68.0000693,-1.778376],[-67.0000701,-1.7783760000000002],[-67.0000701,-0.7725084000000001],[-68.0000693,-0.7725084000000001],[-68.0000693,-1.778376]]]}"
839,-1.102795312281017,76.96747665407075,0.8300432072911945,15044.506087600093,0.7734063254656324,-0.012882200419883494,1.0936382658657042,6839,"{""type"":""Polygon"",""coordinates"":[[[-67.0000701,-1.7783760000000002],[-66.0000708,-1.7783760000000002],[-66.0000708,-0.7725084],[-67.0000701,-0.7725084000000001],[-67.0000701,-1.7783760000000002]]]}"
840,-1.1025740686637133,67.8090385609863,0.8168165350042065,15053.61879383152,0.7759825951465373,-0.007988069816118252,1.0572534464446017,6840,"{""type"":""Polygon"",""coordinates"":[[[-66.0000708,-1.7783760000000002],[-65.0000715,-1.7783760000000002],[-65.0000715,-0.7725084000000001],[-66.0000708,-0.7725084],[-66.0000708,-1.7783760000000002]]]}"
841,-1.100691144261128,60.74870458636516,0.6715343203057985,15066.668670756455,0.7772667351821785,0.055635628032830384,0.766174891075782,6841,"{""type"":""Polygon"",""coordinates"":[[[-65.0000715,-1.7783760000000002],[-64.0000722,-1.778376],[-64.0000722,-0.7725084],[-65.0000715,-0.7725084000000001],[-65.0000715,-1.7783760000000002]]]}"
842,-1.1011816263170462,53.0219163400953,0.6715343203057985,15073.507112284447,0.7735167872468127,0.02627084441023869,0.8389445299179868,6842,"{""type"":""Polygon"",""coordinates"":[[[-64.0000722,-1.778376],[-63.00007299999999,-1.778376],[-63.00007299999999,-0.7725084000000001],[-64.0000722,-0.7725084],[-64.0000722,-1.778376]]]}"
843,-1.135760611259276,41.04629769326534,0.6814523639999625,15069.414552370903,0.700995869086577,0.001800191391412472,0.9480989881812943,6843,"{""type"":""Polygon"",""coordinates"":[[[-63.00007299999999,-1.778376],[-62.0000737,-1.778376],[-62.0000737,-0.7725084000000001],[-63.00007299999999,-0.7725084000000001],[-63.00007299999999,-1.778376]]]}"
844,-1.135760611259276,48.523166307641766,0.6814523639999625,15056.783989161086,0.7560182135555137,-0.0030939392123530076,1.0208686270234992,6844,"{""type"":""Polygon"",""coordinates"":[[[-62.0000737,-1.778376],[-61.0000744,-1.778376],[-61.0000744,-0.7725084],[-62.0000737,-0.7725084000000001],[-62.0000737,-1.778376]]]}"
845,-1.135760611259276,88.67533480204614,0.6851086347502392,15063.353563194998,0.788138939252961,-0.007988069816118252,1.0572534464446017,6845,"{""type"":""Polygon"",""coordinates"":[[[-61.0000744,-1.778376],[-60.0000751,-1.778376],[-60.0000751,-0.7725084000000001],[-61.0000744,-0.7725084],[-61.0000744,-1.778376]]]}"
915,-1.0994018256214904,260.85018386279825,0.6314143077439028,15027.459677416387,0.7473922159175423,0.001800191391412472,0.5842507939702695,6915,"{""type"":""Polygon"",""coordinates"":[[[-77.0000629,-2.7847776],[-76.0000636,-2.7847776],[-76.0000636,-1.7783760000000002],[-77.0000629,-1.778376],[-77.0000629,-2.7847776]]]}"
916,-1.135760611259276,199.53460180853978,0.7720999121471592,15035.777936040326,0.7284405841154944,0.07031801984412611,0.5114811551280645,6916,"{""type"":""Polygon"",""coordinates"":[[[-76.0000636,-2.7847776],[-75.0000643,-2.7847776],[-75.0000643,-1.778376],[-76.0000636,-1.7783760000000002],[-76.0000636,-2.7847776]]]}"
917,-1.135760611259276,166.45005081423787,0.7878448874321892,15043.48079891918,0.7870282238193388,0.09234160756106982,0.47509633570696197,6917,"{""type"":""Polygon"",""coordinates"":[[[-75.0000643,-2.7847776],[-74.000065,-2.7847776],[-74.000065,-1.7783760000000002],[-75.0000643,-1.778376],[-75.0000643,-2.7847776]]]}"
918,-1.135760611259276,149.81445623591736,0.8300432072911945,15046.889584327211,0.7709799121459492,0.011588452598942959,0.8025597104968845,6918,"{""type"":""Polygon"",""coordinates"":[[[-74.000065,-2.7847776],[-73.0000657,-2.7847775999999995],[-73.0000657,-1.778376],[-74.000065,-1.7783760000000002],[-74.000065,-2.7847776]]]}"
919,-1.135760611259276,136.895583140343,0.8302718129575227,15049.8534549725,0.7717230404891489,0.001800191391412472,0.9480989881812943,6919,"{""type"":""Polygon"",""coordinates"":[[[-73.0000657,-2.7847775999999995],[-72.0000665,-2.7847776],[-72.0000665,-1.778376],[-73.0000657,-1.778376],[-73.0000657,-2.7847775999999995]]]}"
920,-1.135760611259276,127.98184253017386,0.8799110840542138,15039.317839541653,0.783327556948115,0.001800191391412472,0.9480989881812943,6920,"{""type"":""Polygon"",""coordinates"":[[[-72.0000665,-2.7847776],[-71.0000672,-2.7847776],[-71.0000672,-1.778376],[-72.0000665,-1.778376],[-72.0000665,-2.7847776]]]}"
921,-1.102795312281017,118.3734489014729,0.8799110840542138,15039.752726752844,0.7924203946352717,-0.012882200419883494,1.0936382658657042,6921,"{""type"":""Polygon"",""coordinates"":[[[-71.0000672,-2.7847776],[-70.0000679,-2.7847776],[-70.0000679,-1.7783760000000002],[-71.0000672,-1.778376],[-71.0000672,-2.7847776]]]}"
922,-1.1034416906923554,125.95379929903396,0.898477154870382,15050.548899564383,0.747824254062656,-0.054482310551888416,1.202792724129012,6922,"{""type"":""Polygon"",""coordinates"":[[[-70.0000679,-2.7847776],[-69.0000686,-2.7847775999999995],[-69.0000686,-1.778376],[-70.0000679,-1.7783760000000002],[-70.0000679,-2.7847776]]]}"
923,-1.1030136255192837,109.89070553211447,0.8766646042809219,15050.158241755753,0.7711770263902993,-0.012882200419883494,1.1300230852868067,6923,"{""type"":""Polygon"",""coordinates"":[[[-69.0000686,-2.7847775999999995],[-68.0000693,-2.7847776],[-68.0000693,-1.778376],[-69.0000686,-1.778376],[-69.0000686,-2.7847775999999995]]]}"
924,-1.10365155381292,84.6836502918961,0.8799110840542138,15049.503506612315,0.7400898225977043,-0.0960824206838931,1.2391775435501144,6924,"{""type"":""Polygon"",""coordinates"":[[[-68.0000693,-2.7847776],[-67.0000701,-2.7847776],[-67.0000701,-1.7783760000000002],[-68.0000693,-1.778376],[-68.0000693,-2.7847776]]]}"
925,-1.1032290662149415,61.433446560303715,0.8300432072911945,15050.777039442904,0.7107392814452697,-0.012882200419883494,1.1664079047079092,6925,"{""type"":""Polygon"",""coordinates"":[[[-67.0000701,-2.7847776],[-66.0000708,-2.7847776],[-66.0000708,-1.7783760000000002],[-67.0000701,-1.7783760000000002],[-67.0000701,-2.7847776]]]}"
926,-1.1030136255192837,50.12650510171367,0.8168165350042065,15053.328739014727,0.6875210543152359,-0.012882200419883494,1.1300230852868067,6926,"{""type"":""Polygon"",""coordinates"":[[[-66.0000708,-2.7847776],[-65.0000715,-2.7847776],[-65.0000715,-1.7783760000000002],[-66.0000708,-1.7783760000000002],[-66.0000708,-2.7847776]]]}"
927,-1.1023498352677974,62.05204882725945,0.7720999121471592,15067.056104125537,0.7905035341509814,-0.0030939392123530076,1.0208686270234992,6927,"{""type"":""Polygon"",""coordinates"":[[[-65.0000715,-2.7847776],[-64.0000722,-2.7847776],[-64.0000722,-1.778376],[-65.0000715,-1.7783760000000002],[-65.0000715,-2.7847776]]]}"
928,-1.1018921534049004,61.18401077529553,0.6814523639999625,15073.637694707655,0.8116169300861139,0.001800191391412472,0.9480989881812943,6928,"{""type"":""Polygon"",""coordinates"":[[[-64.0000722,-2.7847776],[-63.00007299999999,-2.7847776],[-63.00007299999999,-1.778376],[-64.0000722,-1.778376],[-64.0000722,-2.7847776]]]}"
929,-1.1025740686637133,52.935174434085994,0.6851086347502392,15073.184363652712,0.785329365175701,-0.007988069816118252,1.0572534464446017,6929,"{""type"":""Polygon"",""coordinates"":[[[-63.00007299999999,-2.7847776],[-62.0000737,-2.7847776],[-62.0000737,-1.778376],[-63.00007299999999,-1.778376],[-63.00007299999999,-2.7847776]]]}"
930,-1.1040632083955655,54.3416369220946,0.8300432072911945,15064.670013757612,0.7627168105329529,-0.14502372672154576,1.3119471823923192,6930,"{""type"":""Polygon"",""coordinates"":[[[-62.0000737,-2.7847776],[-61.0000744,-2.7847776],[-61.0000744,-1.778376],[-62.0000737,-1.778376],[-62.0000737,-2.7847776]]]}"
931,-1.1044644413432074,81.3511871284929,0.8799110840542138,15064.972242594695,0.7498217083076152,-0.14502372672154576,1.3847168212345242,6931,"{""type"":""Polygon"",""coordinates"":[[[-61.0000744,-2.7847776],[-60.0000751,-2.7847776],[-60.0000751,-1.778376],[-61.0000744,-1.778376],[-61.0000744,-2.7847776]]]}"
1002,-1.135760611259276,213.89780889886163,0.6377477409649916,15038.554956585682,0.7825377087199792,0.11925932588177879,0.29317223860144953,7002,"{""type"":""Polygon"",""coordinates"":[[[-77.0000629,-3.7920168000000007],[-76.0000636,-3.7920168000000007],[-76.0000636,-2.7847776],[-77.0000629,-2.7847776],[-77.0000629,-3.7920168000000007]]]}"
1003,-1.135760611259276,181.2679033400805,0.6887649055005151,15042.536152961631,0.775642918905939,0.0801062810516566,0.43871151628585947,7003,"{""type"":""Polygon"",""coordinates"":[[[-76.0000636,-3.7920168000000007],[-75.0000643,-3.7920168],[-75.0000643,-2.7847776],[-76.0000636,-2.7847776],[-76.0000636,-3.7920168000000007]]]}"
1004,-1.135760611259276,158.76202604008714,0.7878448874321892,15053.153620538911,0.7899583000068127,0.07521215044789135,0.547865974549167,7004,"{""type"":""Polygon"",""coordinates"":[[[-75.0000643,-3.7920168],[-74.000065,-3.7920168000000007],[-74.000065,-2.7847776],[-75.0000643,-2.7847776],[-75.0000643,-3.7920168]]]}"
1005,-1.135760611259276,128.0703770876452,0.8766646042809219,15044.899483531743,0.7657264329340113,-6.468739104702679E-4,0.9117141687601918,7005,"{""type"":""Polygon"",""coordinates"":[[[-74.000065,-3.7920168000000007],[-73.0000657,-3.7920168],[-73.0000657,-2.7847775999999995],[-74.000065,-2.7847776],[-74.000065,-3.7920168000000007]]]}"
1006,-1.135760611259276,122.27801406607476,0.8799110840542138,15044.480868030694,0.7870819648790098,-0.012882200419883494,1.0936382658657042,7006,"{""type"":""Polygon"",""coordinates"":[[[-73.0000657,-3.7920168],[-72.0000665,-3.7920168000000007],[-72.0000665,-2.7847776],[-73.0000657,-2.7847775999999995],[-73.0000657,-3.7920168]]]}"
1007,-1.102795312281017,120.78863355078053,0.8799110840542138,15037.935114927002,0.7671703692077241,-0.012882200419883494,1.0936382658657042,7007,"{""type"":""Polygon"",""coordinates"":[[[-72.0000665,-3.7920168000000007],[-71.0000672,-3.7920168000000007],[-71.0000672,-2.7847776],[-72.0000665,-2.7847776],[-72.0000665,-3.7920168000000007]]]}"
1008,-1.102795312281017,117.8390652001916,0.9170432256865503,15043.183722920976,0.7891281761657991,-0.012882200419883494,1.0936382658657042,7008,"{""type"":""Polygon"",""coordinates"":[[[-71.0000672,-3.7920168000000007],[-70.0000679,-3.7920168000000007],[-70.0000679,-2.7847776],[-71.0000672,-2.7847776],[-71.0000672,-3.7920168000000007]]]}"
1009,-1.1038587090222514,103.13978063776321,0.9222082992718181,15040.196761775567,0.7396936189685658,-0.12055307370271932,1.2755623629712167,7009,"{""type"":""Polygon"",""coordinates"":[[[-70.0000679,-3.7920168000000007],[-69.0000686,-3.7920168],[-69.0000686,-2.7847775999999995],[-70.0000679,-2.7847776],[-70.0000679,-3.7920168000000007]]]}"
1010,-1.102795312281017,85.46048104245168,0.8734181245076308,15036.991211246252,0.7481500806313192,-0.012882200419883494,1.0936382658657042,7010,"{""type"":""Polygon"",""coordinates"":[[[-69.0000686,-3.7920168],[-68.0000693,-3.7920168000000007],[-68.0000693,-2.7847776],[-69.0000686,-2.7847775999999995],[-69.0000686,-3.7920168]]]}"
1011,-1.102795312281017,77.61950999202644,0.8300432072911945,15047.347714546688,0.7447389112575309,-0.012882200419883494,1.0936382658657042,7011,"{""type"":""Polygon"",""coordinates"":[[[-68.0000693,-3.7920168000000007],[-67.0000701,-3.7920168000000007],[-67.0000701,-2.7847776],[-68.0000693,-2.7847776],[-68.0000693,-3.7920168000000007]]]}"
1012,-1.1025740686637133,78.73513803870196,0.7878448874321892,15051.991766245053,0.7899160278028752,-0.007988069816118252,1.0572534464446017,7012,"{""type"":""Polygon"",""coordinates"":[[[-67.0000701,-3.7920168000000007],[-66.0000708,-3.7920168000000007],[-66.0000708,-2.7847776],[-67.0000701,-2.7847776],[-67.0000701,-3.7920168000000007]]]}"
1013,-1.1030136255192837,74.40654238593908,0.8168165350042065,15060.765830635642,0.7709922229974442,-0.012882200419883494,1.1300230852868067,7013,"{""type"":""Polygon"",""coordinates"":[[[-66.0000708,-3.7920168000000007],[-65.0000715,-3.7920168000000007],[-65.0000715,-2.7847776],[-66.0000708,-2.7847776],[-66.0000708,-3.7920168000000007]]]}"
1014,-1.1030136255192837,51.61466352293054,0.8168165350042065,15050.201878090696,0.6870353082360409,-0.012882200419883494,1.1300230852868067,7014,"{""type"":""Polygon"",""coordinates"":[[[-65.0000715,-3.7920168000000007],[-64.0000722,-3.7920168000000007],[-64.0000722,-2.7847776],[-65.0000715,-2.7847776],[-65.0000715,-3.7920168000000007]]]}"
1015,-1.1025740686637133,52.2728943895627,0.7304324088238372,15065.462035528504,0.7473628705455224,-0.007988069816118252,1.0572534464446017,7015,"{""type"":""Polygon"",""coordinates"":[[[-64.0000722,-3.7920168000000007],[-63.00007299999999,-3.7920168000000007],[-63.00007299999999,-2.7847776],[-64.0000722,-2.7847776],[-64.0000722,-3.7920168000000007]]]}"
1016,-1.102122551077379,49.2717639474738,0.6851086347502392,15068.641012522874,0.7474461076186145,-6.468739104702679E-4,0.9844838076023967,7016,"{""type"":""Polygon"",""coordinates"":[[[-63.00007299999999,-3.7920168000000007],[-62.0000737,-3.7920168000000007],[-62.0000737,-2.7847776],[-63.00007299999999,-2.7847776],[-63.00007299999999,-3.7920168000000007]]]}"
1017,-1.102795312281017,43.49603462798995,0.6814523639999625,15072.835012064568,0.7190824356628217,-0.012882200419883494,1.0936382658657042,7017,"{""type"":""Polygon"",""coordinates"":[[[-62.0000737,-3.7920168000000007],[-61.0000744,-3.7920168],[-61.0000744,-2.7847776],[-62.0000737,-2.7847776],[-62.0000737,-3.7920168000000007]]]}"
1018,-1.0173224113373873,38.59567680087627,0.9170432256865503,15094.313212816638,0.6180364573922743,-0.23311807758932063,1.603025737761139,7018,"{""type"":""Polygon"",""coordinates"":[[[-61.0000744,-3.7920168],[-60.0000751,-3.7920168000000007],[-60.0000751,-2.7847776],[-61.0000744,-2.7847776],[-61.0000744,-3.7920168]]]}"
1094,-1.135760611259276,158.73016718551585,0.6814523639999625,15074.263719598632,0.7954362609584638,0.19756541554202314,0.14763296091703965,7094,"{""type"":""Polygon"",""coordinates"":[[[-77.0000629,-4.800399799999999],[-76.0000636,-4.8003998],[-76.0000636,-3.7920168000000007],[-77.0000629,-3.7920168000000007],[-77.0000629,-4.800399799999999]]]}"
1095,-1.135760611259276,141.10459701819673,0.8035898627172192,15071.76101993065,0.8035259504612267,0.0801062810516566,0.43871151628585947,7095,"{""type"":""Polygon"",""coordinates"":[[[-76.0000636,-4.8003998],[-75.0000643,-4.800399799999999],[-75.0000643,-3.7920168],[-76.0000636,-3.7920168000000007],[-76.0000636,-4.8003998]]]}"
1096,-1.135760611259276,121.11410280287376,0.8064790982878155,15054.096714481162,0.7757086062619146,0.02627084441023869,0.6934052522335769,7096,"{""type"":""Polygon"",""coordinates"":[[[-75.0000643,-4.800399799999999],[-74.000065,-4.800399799999999],[-74.000065,-3.7920168000000007],[-75.0000643,-3.7920168],[-75.0000643,-4.800399799999999]]]}"
1097,-1.135760611259276,125.02046436286636,0.8799110840542138,15043.473486734303,0.7640245829860661,-0.012882200419883494,1.0936382658657042,7097,"{""type"":""Polygon"",""coordinates"":[[[-74.000065,-4.800399799999999],[-73.0000657,-4.800399799999999],[-73.0000657,-3.7920168],[-74.000065,-3.7920168000000007],[-74.000065,-4.800399799999999]]]}"
1098,-1.1023498352677974,131.58651374799672,0.8799110840542138,15049.608373355879,0.7887204916950357,-0.0030939392123530076,1.0208686270234992,7098,"{""type"":""Polygon"",""coordinates"":[[[-73.0000657,-4.800399799999999],[-72.0000665,-4.800399799999999],[-72.0000665,-3.7920168000000007],[-73.0000657,-3.7920168],[-73.0000657,-4.800399799999999]]]}"
1099,-1.1034416906923554,114.60620472260342,0.9222082992718181,15039.144913795324,0.7776597198712459,-0.054482310551888416,1.202792724129012,7099,"{""type"":""Polygon"",""coordinates"":[[[-72.0000665,-4.800399799999999],[-71.0000672,-4.800399799999999],[-71.0000672,-3.7920168000000007],[-72.0000665,-3.7920168000000007],[-72.0000665,-4.800399799999999]]]}"
1100,-1.1048556434671581,101.60333017975056,1.0641989111850059,15018.048585009243,0.717216143299024,-0.16460024913660698,1.4574864600767292,7100,"{""type"":""Polygon"",""coordinates"":[[[-71.0000672,-4.800399799999999],[-70.0000679,-4.800399799999999],[-70.0000679,-3.7920168000000007],[-71.0000672,-3.7920168000000007],[-71.0000672,-4.800399799999999]]]}"
1101,-1.1050475997888483,110.77515845185965,1.0766956487738704,15035.577240874309,0.7250835759140216,-0.1890709021554332,1.4938712794978317,7101,"{""type"":""Polygon"",""coordinates"":[[[-70.0000679,-4.800399799999999],[-69.0000686,-4.800399799999999],[-69.0000686,-3.7920168],[-70.0000679,-3.7920168000000007],[-70.0000679,-4.800399799999999]]]}"
1102,-1.102122551077379,124.6949636746936,0.8549771456727047,15047.14256430731,0.774051100494758,-6.468739104702679E-4,0.9844838076023967,7102,"{""type"":""Polygon"",""coordinates"":[[[-69.0000686,-4.800399799999999],[-68.0000693,-4.800399799999999],[-68.0000693,-3.7920168000000007],[-69.0000686,-3.7920168],[-69.0000686,-4.800399799999999]]]}"
1103,-1.1025740686637133,97.86049862053534,0.8168165350042065,15053.97687832566,0.7673907806865863,-0.007988069816118252,1.0572534464446017,7103,"{""type"":""Polygon"",""coordinates"":[[[-68.0000693,-4.800399799999999],[-67.0000701,-4.800399799999999],[-67.0000701,-3.7920168000000007],[-68.0000693,-3.7920168000000007],[-68.0000693,-4.800399799999999]]]}"
1104,-1.1025740686637133,89.61174332907403,0.7878448874321892,15045.50294659677,0.7936357770812646,-0.007988069816118252,1.0572534464446017,7104,"{""type"":""Polygon"",""coordinates"":[[[-67.0000701,-4.800399799999999],[-66.0000708,-4.800399799999999],[-66.0000708,-3.7920168000000007],[-67.0000701,-3.7920168000000007],[-67.0000701,-4.800399799999999]]]}"
1105,-1.1025740686637133,84.26763382946578,0.7878448874321892,15066.46007651214,0.7970936607417292,-0.007988069816118252,1.0572534464446017,7105,"{""type"":""Polygon"",""coordinates"":[[[-66.0000708,-4.800399799999999],[-65.0000715,-4.800399799999999],[-65.0000715,-3.7920168000000007],[-66.0000708,-3.7920168000000007],[-66.0000708,-4.800399799999999]]]}"
1106,-1.102122551077379,76.98775197465697,0.7304324088238372,15069.62680321096,0.7728231944189258,-6.468739104702679E-4,0.9844838076023967,7106,"{""type"":""Polygon"",""coordinates"":[[[-65.0000715,-4.800399799999999],[-64.0000722,-4.800399799999999],[-64.0000722,-3.7920168000000007],[-65.0000715,-3.7920168000000007],[-65.0000715,-4.800399799999999]]]}"
1107,-1.102795312281017,57.363121836653896,0.6887649055005151,15059.786953722689,0.6862497461289362,-0.012882200419883494,1.0936382658657042,7107,"{""type"":""Polygon"",""coordinates"":[[[-64.0000722,-4.800399799999999],[-63.00007299999999,-4.800399799999999],[-63.00007299999999,-3.7920168000000007],[-64.0000722,-3.7920168000000007],[-64.0000722,-4.800399799999999]]]}"
1108,-1.0702666397792913,45.435399616261705,0.6814523639999625,15060.082899259118,0.7012205183001616,-0.012882200419883494,1.0936382658657042,7108,"{""type"":""Polygon"",""coordinates"":[[[-63.00007299999999,-4.800399799999999],[-62.0000737,-4.800399799999999],[-62.0000737,-3.7920168000000007],[-63.00007299999999,-3.7920168000000007],[-63.00007299999999,-4.800399799999999]]]}"
1109,-1.0064849289915936,46.51769092905487,0.6814523639999625,15073.14634480737,0.7338105912858587,-0.012882200419883494,1.0936382658657042,7109,"{""type"":""Polygon"",""coordinates"":[[[-62.0000737,-4.800399799999999],[-61.0000744,-4.800399799999999],[-61.0000744,-3.7920168],[-62.0000737,-3.7920168000000007],[-62.0000737,-4.800399799999999]]]}"
1110,-0.9418470878577524,45.242651774204525,0.6616162766116346,15084.849716699602,0.7504500961954589,-0.0030939392123530076,1.0208686270234992,7110,"{""type"":""Polygon"",""coordinates"":[[[-61.0000744,-4.800399799999999],[-60.0000751,-4.800399799999999],[-60.0000751,-3.7920168000000007],[-61.0000744,-3.7920168],[-61.0000744,-4.800399799999999]]]}"
1181,-1.135760611259276,260.5770134727284,0.6566109087659817,15044.305668248864,0.782454861843472,0.18533008903261017,0.18401778033814212,7181,"{""type"":""Polygon"",""coordinates"":[[[-77.0000629,-5.8102358999999995],[-76.0000636,-5.8102358999999995],[-76.0000636,-4.8003998],[-77.0000629,-4.800399799999999],[-77.0000629,-5.8102358999999995]]]}"
1182,-1.135760611259276,143.22181737174216,0.8035898627172192,15049.603022973795,0.7840990950652655,0.11925932588177879,0.29317223860144953,7182,"{""type"":""Polygon"",""coordinates"":[[[-76.0000636,-5.8102358999999995],[-75.0000643,-5.8102358999999995],[-75.0000643,-4.800399799999999],[-76.0000636,-4.8003998],[-76.0000636,-5.8102358999999995]]]}"
1183,-1.135760611259276,115.4636030179808,0.7720999121471592,15037.650347703922,0.780752959025213,0.07031801984412611,0.5842507939702695,7183,"{""type"":""Polygon"",""coordinates"":[[[-75.0000643,-5.8102358999999995],[-74.000065,-5.8102358999999995],[-74.000065,-4.800399799999999],[-75.0000643,-4.800399799999999],[-75.0000643,-5.8102358999999995]]]}"
1184,-1.100691144261128,142.2920453023391,0.8197057705748035,15039.829698423247,0.7445651467943558,0.006694321995177715,0.766174891075782,7184,"{""type"":""Polygon"",""coordinates"":[[[-74.000065,-5.8102358999999995],[-73.0000657,-5.8102358999999995],[-73.0000657,-4.800399799999999],[-74.000065,-4.800399799999999],[-74.000065,-5.8102358999999995]]]}"
1185,-1.1011816263170462,146.02742040959822,0.830157510124359,15037.421937827536,0.7914639473385464,-6.468739104702679E-4,0.8389445299179868,7185,"{""type"":""Polygon"",""coordinates"":[[[-73.0000657,-5.8102358999999995],[-72.0000665,-5.8102358999999995],[-72.0000665,-4.800399799999999],[-73.0000657,-4.800399799999999],[-73.0000657,-5.8102358999999995]]]}"
1186,-1.10093811233858,142.2756986280396,0.8302718129575227,15039.23238765003,0.774668291819039,0.011588452598942959,0.8025597104968845,7186,"{""type"":""Polygon"",""coordinates"":[[[-72.0000665,-5.8102358999999995],[-71.0000672,-5.8102358999999995],[-71.0000672,-4.800399799999999],[-72.0000665,-4.800399799999999],[-72.0000665,-5.8102358999999995]]]}"
1187,-1.1018921534049004,134.00623782340023,0.9170432256865503,15036.13006266896,0.7788022330833748,-0.0030939392123530076,0.9480989881812943,7187,"{""type"":""Polygon"",""coordinates"":[[[-71.0000672,-5.8102358999999995],[-70.0000679,-5.8102358999999995],[-70.0000679,-4.800399799999999],[-71.0000672,-4.800399799999999],[-71.0000672,-5.8102358999999995]]]}"
1188,-1.1016585778334909,149.25225402787063,0.898477154870382,15038.420594421756,0.7848092556568553,-6.468739104702679E-4,0.9117141687601918,7188,"{""type"":""Polygon"",""coordinates"":[[[-70.0000679,-5.8102358999999995],[-69.0000686,-5.8102358999999995],[-69.0000686,-4.800399799999999],[-70.0000679,-4.800399799999999],[-70.0000679,-5.8102358999999995]]]}"
1189,-1.101421758156923,137.8321741999392,0.8799110840542138,15047.638958481157,0.7997059069430572,0.001800191391412472,0.8753293493390893,7189,"{""type"":""Polygon"",""coordinates"":[[[-69.0000686,-5.8102358999999995],[-68.0000693,-5.8102359],[-68.0000693,-4.800399799999999],[-69.0000686,-4.800399799999999],[-69.0000686,-5.8102358999999995]]]}"
1190,-1.102122551077379,111.85525203754838,0.8168165350042065,15046.747579171537,0.7826409441995715,-6.468739104702679E-4,0.9844838076023967,7190,"{""type"":""Polygon"",""coordinates"":[[[-68.0000693,-5.8102359],[-67.0000701,-5.8102358999999995],[-67.0000701,-4.800399799999999],[-68.0000693,-4.800399799999999],[-68.0000693,-5.8102359]]]}"
1191,-1.1025740686637133,103.33162073404866,0.8168165350042065,15057.885913400209,0.793605431118651,-0.007988069816118252,1.0572534464446017,7191,"{""type"":""Polygon"",""coordinates"":[[[-67.0000701,-5.8102358999999995],[-66.0000708,-5.8102358999999995],[-66.0000708,-4.800399799999999],[-67.0000701,-4.800399799999999],[-67.0000701,-5.8102358999999995]]]}"
1192,-1.1025740686637133,92.06359225992004,0.7304324088238372,15061.901403180422,0.7847798374505199,-0.007988069816118252,1.0572534464446017,7192,"{""type"":""Polygon"",""coordinates"":[[[-66.0000708,-5.8102358999999995],[-65.0000715,-5.8102358999999995],[-65.0000715,-4.800399799999999],[-66.0000708,-4.800399799999999],[-66.0000708,-5.8102358999999995]]]}"
1193,-1.102795312281017,76.18432790847031,0.6887649055005151,15059.56223568288,0.7682779848704956,-0.012882200419883494,1.0936382658657042,7193,"{""type"":""Polygon"",""coordinates"":[[[-65.0000715,-5.8102358999999995],[-64.0000722,-5.8102358999999995],[-64.0000722,-4.800399799999999],[-65.0000715,-4.800399799999999],[-65.0000715,-5.8102358999999995]]]}"
1194,-1.0400549045482015,58.09763721224506,0.7304324088238372,15054.110692101976,0.749864146552496,-0.054482310551888416,1.202792724129012,7194,"{""type"":""Polygon"",""coordinates"":[[[-64.0000722,-5.8102358999999995],[-63.00007299999999,-5.8102358999999995],[-63.00007299999999,-4.800399799999999],[-64.0000722,-4.800399799999999],[-64.0000722,-5.8102358999999995]]]}"
1195,-1.0064849289915936,59.0175380034933,0.6814523639999625,15063.696063580026,0.7426424176811482,-0.012882200419883494,1.0936382658657042,7195,"{""type"":""Polygon"",""coordinates"":[[[-63.00007299999999,-5.8102358999999995],[-62.0000737,-5.8102358999999995],[-62.0000737,-4.800399799999999],[-63.00007299999999,-4.800399799999999],[-63.00007299999999,-5.8102358999999995]]]}"
1196,-0.8837965426356402,60.06725969748854,0.6814523639999625,15077.724218998866,0.7760678696439937,-0.012882200419883494,1.0936382658657042,7196,"{""type"":""Polygon"",""coordinates"":[[[-62.0000737,-5.8102358999999995],[-61.0000744,-5.8102358999999995],[-61.0000744,-4.800399799999999],[-62.0000737,-4.800399799999999],[-62.0000737,-5.8102358999999995]]]}"
1197,-0.8853912519307265,54.04753406288784,0.6851086347502392,15065.182971853685,0.7403335706006471,-0.012882200419883494,1.1300230852868067,7197,"{""type"":""Polygon"",""coordinates"":[[[-61.0000744,-5.8102358999999995],[-60.0000751,-5.8102359],[-60.0000751,-4.800399799999999],[-61.0000744,-4.800399799999999],[-61.0000744,-5.8102358999999995]]]}"
1264,-1.095559027139448,704.5894333183409,0.6566109087659817,14993.2335697,0.6856228503014387,0.13883584829683998,0.11124814149593713,7264,"{""type"":""Polygon"",""coordinates"":[[[-77.0000629,-6.8218384],[-76.0000636,-6.821838400000001],[-76.0000636,-5.8102358999999995],[-77.0000629,-5.8102358999999995],[-77.0000629,-6.8218384]]]}"
1265,-1.0977237278228233,215.46838735429984,0.7720999121471592,15033.580844405391,0.7600691415335122,0.10457693407048305,0.36594187744365453,7265,"{""type"":""Polygon"",""coordinates"":[[[-76.0000636,-6.821838400000001],[-75.0000643,-6.8218384],[-75.0000643,-5.8102358999999995],[-76.0000636,-5.8102358999999995],[-76.0000636,-6.821838400000001]]]}"
1266,-1.0983000442385271,142.97222856271523,0.7720999121471592,15047.804958588727,0.7748876545175322,0.0801062810516566,0.43871151628585947,7266,"{""type"":""Polygon"",""coordinates"":[[[-75.0000643,-6.8218384],[-74.000065,-6.8218384],[-74.000065,-5.8102358999999995],[-75.0000643,-5.8102358999999995],[-75.0000643,-6.8218384]]]}"
1267,-1.0999287645437772,175.64022718808246,0.8093683338584118,15038.497204940622,0.7771980244704293,0.04095323622153442,0.6570204328124744,7267,"{""type"":""Polygon"",""coordinates"":[[[-74.000065,-6.8218384],[-73.0000657,-6.8218384],[-73.0000657,-5.8102358999999995],[-74.000065,-5.8102358999999995],[-74.000065,-6.8218384]]]}"
1268,-1.0996672182173866,178.04084176075276,0.7544762512647387,15031.001202979369,0.7947312420601202,0.055635628032830384,0.620635613391372,7268,"{""type"":""Polygon"",""coordinates"":[[[-73.0000657,-6.8218384],[-72.0000665,-6.821838400000001],[-72.0000665,-5.8102358999999995],[-73.0000657,-5.8102358999999995],[-73.0000657,-6.8218384]]]}"
1269,-1.0994018256214904,179.53307622643922,0.736852590382319,15032.468546349937,0.7834982727646953,0.0801062810516566,0.5842507939702695,7269,"{""type"":""Polygon"",""coordinates"":[[[-72.0000665,-6.821838400000001],[-71.0000672,-6.821838399999999],[-71.0000672,-5.8102358999999995],[-72.0000665,-5.8102358999999995],[-72.0000665,-6.821838400000001]]]}"
1270,-1.1001865476136727,176.4137603263496,0.8168165350042065,15030.422043142717,0.7781342049072604,0.055635628032830384,0.6934052522335769,7270,"{""type"":""Polygon"",""coordinates"":[[[-71.0000672,-6.821838399999999],[-70.0000679,-6.8218384],[-70.0000679,-5.8102358999999995],[-71.0000672,-5.8102358999999995],[-71.0000672,-6.821838399999999]]]}"
1271,-1.100691144261128,153.36420196265004,0.8549771456727047,15038.30658314603,0.7866129825925396,0.02627084441023869,0.766174891075782,7271,"{""type"":""Polygon"",""coordinates"":[[[-70.0000679,-6.8218384],[-69.0000686,-6.8218384],[-69.0000686,-5.8102358999999995],[-70.0000679,-5.8102358999999995],[-70.0000679,-6.8218384]]]}"
1272,-1.1011816263170462,141.618483792162,0.8549771456727047,15053.21258092291,0.7932653285658846,0.006694321995177715,0.8389445299179868,7272,"{""type"":""Polygon"",""coordinates"":[[[-69.0000686,-6.8218384],[-68.0000693,-6.821838400000001],[-68.0000693,-5.8102359],[-69.0000686,-5.8102358999999995],[-69.0000686,-6.8218384]]]}"
1273,-1.101421758156923,127.7834783660049,0.7720999121471592,15056.219580831352,0.798382081831114,0.001800191391412472,0.8753293493390893,7273,"{""type"":""Polygon"",""coordinates"":[[[-68.0000693,-6.821838400000001],[-67.0000701,-6.8218384],[-67.0000701,-5.8102358999999995],[-68.0000693,-5.8102359],[-68.0000693,-6.821838400000001]]]}"
1274,-1.1018921534049004,111.56077206238733,0.6887649055005151,15063.75540195108,0.7914433118396071,0.001800191391412472,0.9480989881812943,7274,"{""type"":""Polygon"",""coordinates"":[[[-67.0000701,-6.8218384],[-66.0000708,-6.821838400000001],[-66.0000708,-5.8102358999999995],[-67.0000701,-5.8102358999999995],[-67.0000701,-6.8218384]]]}"
1275,-1.0684844908954823,92.75177471200408,0.6814523639999625,15054.401782379398,0.8066927819002053,0.001800191391412472,0.9480989881812943,7275,"{""type"":""Polygon"",""coordinates"":[[[-66.0000708,-6.821838400000001],[-65.0000715,-6.8218384],[-65.0000715,-5.8102358999999995],[-66.0000708,-5.8102358999999995],[-66.0000708,-6.821838400000001]]]}"
1276,-1.069830013302758,70.51607009599115,0.7304324088238372,15057.249718667621,0.791687549337457,-0.007988069816118252,1.0572534464446017,7276,"{""type"":""Polygon"",""coordinates"":[[[-65.0000715,-6.8218384],[-64.0000722,-6.821838399999999],[-64.0000722,-5.8102358999999995],[-65.0000715,-5.8102358999999995],[-65.0000715,-6.8218384]]]}"
1277,-1.0375196540392988,73.41249087738608,0.6851086347502392,15058.083487632985,0.7941864607430563,-0.007988069816118252,1.0572534464446017,7277,"{""type"":""Polygon"",""coordinates"":[[[-64.0000722,-6.821838399999999],[-63.00007299999999,-6.821838400000001],[-63.00007299999999,-5.8102358999999995],[-64.0000722,-5.8102358999999995],[-64.0000722,-6.821838399999999]]]}"
1278,-0.8504839854858806,65.88455135491895,0.6616162766116346,15062.119318413761,0.7696725871792568,-0.0030939392123530076,1.0208686270234992,7278,"{""type"":""Polygon"",""coordinates"":[[[-63.00007299999999,-6.821838400000001],[-62.0000737,-6.821838400000001],[-62.0000737,-5.8102358999999995],[-63.00007299999999,-5.8102358999999995],[-63.00007299999999,-6.821838400000001]]]}"
1279,-0.8227989120985891,66.67397611420841,0.6715343203057985,15062.391536011086,0.7896522186138796,-0.007988069816118252,1.0572534464446017,7279,"{""type"":""Polygon"",""coordinates"":[[[-62.0000737,-6.821838400000001],[-61.0000744,-6.821838399999999],[-61.0000744,-5.8102358999999995],[-62.0000737,-5.8102358999999995],[-62.0000737,-6.821838400000001]]]}"
1280,-0.7779136157715959,72.46968973933072,0.6255723415224004,15069.011195323268,0.7886696558336929,0.04095323622153442,0.8025597104968845,7280,"{""type"":""Polygon"",""coordinates"":[[[-61.0000744,-6.821838399999999],[-60.0000751,-6.8218384],[-60.0000751,-5.8102359],[-61.0000744,-5.8102358999999995],[-61.0000744,-6.821838399999999]]]}"
1348,-1.082590774197568,683.8919072471774,0.3651459125786733,14968.625112041285,0.6737376254697194,0.3541775948625119,-0.9802964411371375,7348,"{""type"":""Polygon"",""coordinates"":[[[-77.0000629,-7.835525700000001],[-76.0000636,-7.8355257000000025],[-76.0000636,-6.821838400000001],[-77.0000629,-6.8218384],[-77.0000629,-7.835525700000001]]]}"
1349,-1.0977237278228233,332.2449567465706,0.7720999121471592,15014.007769596346,0.7744664178623935,0.07031801984412611,0.36594187744365453,7349,"{""type"":""Polygon"",""coordinates"":[[[-76.0000636,-7.8355257000000025],[-75.0000643,-7.835525700000001],[-75.0000643,-6.8218384],[-76.0000636,-6.821838400000001],[-76.0000636,-7.8355257000000025]]]}"
1350,-1.0619577030989946,235.3003137292954,0.8064790982878155,15032.886300111248,0.769155408776128,0.07521215044789135,0.47509633570696197,7350,"{""type"":""Polygon"",""coordinates"":[[[-75.0000643,-7.835525700000001],[-74.000065,-7.835525700000001],[-74.000065,-6.8218384],[-75.0000643,-6.8218384],[-75.0000643,-7.835525700000001]]]}"
1351,-1.0996672182173866,258.52354634605246,0.8064790982878155,15022.302586384238,0.763307922730598,0.055635628032830384,0.620635613391372,7351,"{""type"":""Polygon"",""coordinates"":[[[-74.000065,-7.835525700000001],[-73.0000657,-7.835525700000001],[-73.0000657,-6.8218384],[-74.000065,-6.8218384],[-74.000065,-7.835525700000001]]]}"
1352,-1.0985817026371794,204.7118135808323,0.7128087479414166,15048.7342772656,0.7670395465207698,0.09234160756106982,0.47509633570696197,7352,"{""type"":""Polygon"",""coordinates"":[[[-73.0000657,-7.835525700000001],[-72.0000665,-7.835525700000001],[-72.0000665,-6.821838400000001],[-73.0000657,-6.8218384],[-73.0000657,-7.835525700000001]]]}"
1353,-1.0996672182173866,202.9630910397459,0.7878448874321892,15029.253492553156,0.7685145891217691,0.055635628032830384,0.620635613391372,7353,"{""type"":""Polygon"",""coordinates"":[[[-72.0000665,-7.835525700000001],[-71.0000672,-7.835525700000001],[-71.0000672,-6.821838399999999],[-72.0000665,-6.821838400000001],[-72.0000665,-7.835525700000001]]]}"
1354,-1.0999287645437772,193.77773772666703,0.7720999121471592,15027.227525896358,0.790918321773292,0.07031801984412611,0.6570204328124744,7354,"{""type"":""Polygon"",""coordinates"":[[[-71.0000672,-7.835525700000001],[-70.0000679,-7.835525700000001],[-70.0000679,-6.8218384],[-71.0000672,-6.821838399999999],[-71.0000672,-7.835525700000001]]]}"
1355,-1.0991325012834325,174.2059161350683,0.7128087479414166,15034.898724048799,0.7954092970903703,0.09234160756106982,0.547865974549167,7355,"{""type"":""Polygon"",""coordinates"":[[[-70.0000679,-7.835525700000001],[-69.0000686,-7.835525700000001],[-69.0000686,-6.8218384],[-70.0000679,-6.8218384],[-70.0000679,-7.835525700000001]]]}"
1356,-1.0999287645437772,165.80449353444104,0.7720999121471592,15054.191966165128,0.7964285695204494,0.07031801984412611,0.6570204328124744,7356,"{""type"":""Polygon"",""coordinates"":[[[-69.0000686,-7.835525700000001],[-68.0000693,-7.8355257000000025],[-68.0000693,-6.821838400000001],[-69.0000686,-6.8218384],[-69.0000686,-7.835525700000001]]]}"
1357,-1.1011816263170462,143.8567213956999,0.7878448874321892,15060.98488784723,0.817615839829865,0.02627084441023869,0.8389445299179868,7357,"{""type"":""Polygon"",""coordinates"":[[[-68.0000693,-7.8355257000000025],[-67.0000701,-7.8355257000000025],[-67.0000701,-6.8218384],[-68.0000693,-6.821838400000001],[-68.0000693,-7.8355257000000025]]]}"
1358,-1.0680236955505247,117.88937661798896,0.6851086347502392,15059.3772772422,0.8015463182873046,0.006694321995177715,0.9117141687601918,7358,"{""type"":""Polygon"",""coordinates"":[[[-67.0000701,-7.8355257000000025],[-66.0000708,-7.8355257000000025],[-66.0000708,-6.821838400000001],[-67.0000701,-6.8218384],[-67.0000701,-7.8355257000000025]]]}"
1359,-1.0680236955505247,97.49772176990159,0.6715343203057985,15055.71190035082,0.806665405285,0.006694321995177715,0.9117141687601918,7359,"{""type"":""Polygon"",""coordinates"":[[[-66.0000708,-7.8355257000000025],[-65.0000715,-7.8355257000000025],[-65.0000715,-6.8218384],[-66.0000708,-6.821838400000001],[-66.0000708,-7.8355257000000025]]]}"
1360,-0.970934116367981,83.38154601389674,0.6814523639999625,15070.356114350063,0.7992020585401911,0.001800191391412472,0.9480989881812943,7360,"{""type"":""Polygon"",""coordinates"":[[[-65.0000715,-7.8355257000000025],[-64.0000722,-7.835525700000001],[-64.0000722,-6.821838399999999],[-65.0000715,-6.8218384],[-65.0000715,-7.8355257000000025]]]}"
1361,-0.8208055254797313,81.32795828832542,0.6814523639999625,15091.163455390235,0.7799879113274164,-0.0030939392123530076,1.0208686270234992,7361,"{""type"":""Polygon"",""coordinates"":[[[-64.0000722,-7.835525700000001],[-63.00007299999999,-7.8355257000000025],[-63.00007299999999,-6.821838400000001],[-64.0000722,-6.821838399999999],[-64.0000722,-7.835525700000001]]]}"
1362,-0.8208055254797313,73.41615445086751,0.6814523639999625,15064.172974974368,0.7926536345477663,-0.0030939392123530076,1.0208686270234992,7362,"{""type"":""Polygon"",""coordinates"":[[[-63.00007299999999,-7.8355257000000025],[-62.0000737,-7.835525700000001],[-62.0000737,-6.821838400000001],[-63.00007299999999,-6.821838400000001],[-63.00007299999999,-7.8355257000000025]]]}"
1363,-0.7504519219030018,90.39122601967519,0.6284933246331517,15085.640572329701,0.7843746308708531,0.02627084441023869,0.8389445299179868,7363,"{""type"":""Polygon"",""coordinates"":[[[-62.0000737,-7.835525700000001],[-61.0000744,-7.835525700000001],[-61.0000744,-6.821838399999999],[-62.0000737,-6.821838400000001],[-62.0000737,-7.835525700000001]]]}"
1364,-0.7401770235201677,112.23443817345816,0.563128489931193,15064.822199450571,0.793219958155592,0.07521215044789135,0.6934052522335769,7364,"{""type"":""Polygon"",""coordinates"":[[[-61.0000744,-7.835525700000001],[-60.0000751,-7.835525700000001],[-60.0000751,-6.8218384],[-61.0000744,-6.821838399999999],[-61.0000744,-7.835525700000001]]]}"
1433,-0.7187297205704571,1046.130870973525,0.12296025691368918,14729.18881074671,0.6587291504171712,0.5132368394848836,-1.5624535518747773,7433,"{""type"":""Polygon"",""coordinates"":[[[-77.0000629,-8.851622199999998],[-76.0000636,-8.851622199999998],[-76.0000636,-7.8355257000000025],[-77.0000629,-7.835525700000001],[-77.0000629,-8.851622199999998]]]}"
1434,-0.970934116367981,406.22342937940084,0.6566109087659817,14987.824900069047,0.7736741036345558,0.13883584829683998,-0.1070607750306778,7434,"{""type"":""Polygon"",""coordinates"":[[[-76.0000636,-8.851622199999998],[-75.0000643,-8.851622199999998],[-75.0000643,-7.835525700000001],[-76.0000636,-7.8355257000000025],[-76.0000636,-8.851622199999998]]]}"
1435,-1.0233789101970294,181.57992814725517,0.7720999121471592,15067.576394833726,0.757787102423148,0.0801062810516566,0.36594187744365453,7435,"{""type"":""Polygon"",""coordinates"":[[[-75.0000643,-8.851622199999998],[-74.000065,-8.851622199999998],[-74.000065,-7.835525700000001],[-75.0000643,-7.835525700000001],[-75.0000643,-8.851622199999998]]]}"
1436,-1.0996672182173866,262.2693916655544,0.7544762512647387,15024.601872035702,0.7767691627349593,0.02627084441023869,0.620635613391372,7436,"{""type"":""Polygon"",""coordinates"":[[[-74.000065,-8.851622199999998],[-73.0000657,-8.851622199999998],[-73.0000657,-7.835525700000001],[-74.000065,-7.835525700000001],[-74.000065,-8.851622199999998]]]}"
1437,-1.0994018256214904,213.43848724312238,0.6887649055005151,15024.54646746675,0.773826461259642,0.07031801984412611,0.5842507939702695,7437,"{""type"":""Polygon"",""coordinates"":[[[-73.0000657,-8.851622199999998],[-72.0000665,-8.851622199999998],[-72.0000665,-7.835525700000001],[-73.0000657,-7.835525700000001],[-73.0000657,-8.851622199999998]]]}"
1438,-1.0983000442385271,246.49736749951344,0.6616162766116346,15034.253553539946,0.7817816623583821,0.10457693407048305,0.43871151628585947,7438,"{""type"":""Polygon"",""coordinates"":[[[-72.0000665,-8.851622199999998],[-71.0000672,-8.851622199999998],[-71.0000672,-7.835525700000001],[-72.0000665,-7.835525700000001],[-72.0000665,-8.851622199999998]]]}"
1439,-1.0994018256214904,208.6260493387982,0.6887649055005151,15054.8785695855,0.7444767270215861,0.0801062810516566,0.5842507939702695,7439,"{""type"":""Polygon"",""coordinates"":[[[-71.0000672,-8.851622199999998],[-70.0000679,-8.851622199999998],[-70.0000679,-7.835525700000001],[-71.0000672,-7.835525700000001],[-71.0000672,-8.851622199999998]]]}"
1440,-1.0991325012834325,188.6753966067544,0.6715343203057985,15023.519839403212,0.7950232634978364,0.09234160756106982,0.547865974549167,7440,"{""type"":""Polygon"",""coordinates"":[[[-70.0000679,-8.851622199999998],[-69.0000686,-8.851622199999998],[-69.0000686,-7.835525700000001],[-70.0000679,-7.835525700000001],[-70.0000679,-8.851622199999998]]]}"
1441,-1.0996672182173866,189.83619209165337,0.6851086347502392,15027.054231516957,0.7796035902231474,0.09234160756106982,0.620635613391372,7441,"{""type"":""Polygon"",""coordinates"":[[[-69.0000686,-8.851622199999998],[-68.0000693,-8.8516222],[-68.0000693,-7.8355257000000025],[-69.0000686,-7.835525700000001],[-69.0000686,-8.851622199999998]]]}"
1442,-1.10093811233858,145.944099792008,0.6887649055005151,15069.881738064516,0.8101650723538489,0.04095323622153442,0.8025597104968845,7442,"{""type"":""Polygon"",""coordinates"":[[[-68.0000693,-8.8516222],[-67.0000701,-8.851622199999998],[-67.0000701,-7.8355257000000025],[-68.0000693,-7.8355257000000025],[-68.0000693,-8.8516222]]]}"
1443,-1.0334545109819206,128.01923065912598,0.6851086347502392,15078.914057916241,0.8087052306452344,0.02627084441023869,0.8389445299179868,7443,"{""type"":""Polygon"",""coordinates"":[[[-67.0000701,-8.851622199999998],[-66.0000708,-8.851622199999998],[-66.0000708,-7.8355257000000025],[-67.0000701,-7.8355257000000025],[-67.0000701,-8.851622199999998]]]}"
1444,-0.9392786968193215,101.00719949034014,0.6616162766116346,15064.289941337189,0.8013690422064176,0.001800191391412472,0.9480989881812943,7444,"{""type"":""Polygon"",""coordinates"":[[[-66.0000708,-8.851622199999998],[-65.0000715,-8.8516222],[-65.0000715,-7.8355257000000025],[-66.0000708,-7.8355257000000025],[-66.0000708,-8.851622199999998]]]}"
1445,-0.8821813883495914,93.73272542067237,0.6715343203057985,15097.819872995266,0.7809027422045387,-0.007988069816118252,1.0572534464446017,7445,"{""type"":""Polygon"",""coordinates"":[[[-65.0000715,-8.8516222],[-64.0000722,-8.851622199999998],[-64.0000722,-7.835525700000001],[-65.0000715,-7.8355257000000025],[-65.0000715,-8.8516222]]]}"
1446,-0.7694795115008425,82.4802928476096,0.6851086347502392,15132.202362529575,0.7277174553830458,-0.012882200419883494,1.1300230852868067,7446,"{""type"":""Polygon"",""coordinates"":[[[-64.0000722,-8.851622199999998],[-63.00007299999999,-8.851622199999998],[-63.00007299999999,-7.8355257000000025],[-64.0000722,-7.835525700000001],[-64.0000722,-8.851622199999998]]]}"
1447,-0.7084326615411035,87.33123313554682,0.6715343203057985,15098.482115514928,0.783878021568094,-0.007988069816118252,1.0572534464446017,7447,"{""type"":""Polygon"",""coordinates"":[[[-63.00007299999999,-8.851622199999998],[-62.0000737,-8.851622199999998],[-62.0000737,-7.835525700000001],[-63.00007299999999,-7.8355257000000025],[-63.00007299999999,-8.851622199999998]]]}"
1448,-0.7128505256829268,106.88482917527054,0.5644030912246846,15144.010249170555,0.7287874532558543,0.07031801984412611,0.7297900716546795,7448,"{""type"":""Polygon"",""coordinates"":[[[-62.0000737,-8.851622199999998],[-61.0000744,-8.851622199999998],[-61.0000744,-7.835525700000001],[-62.0000737,-7.835525700000001],[-62.0000737,-8.851622199999998]]]}"
1449,-0.5827243455055885,114.27475282608125,0.5644030912246846,15058.009804409343,0.829299943490742,0.10457693407048305,0.5842507939702695,7449,"{""type"":""Polygon"",""coordinates"":[[[-61.0000744,-8.851622199999998],[-60.0000751,-8.851622199999998],[-60.0000751,-7.835525700000001],[-61.0000744,-7.835525700000001],[-61.0000744,-8.851622199999998]]]}"
